enrollment_id,term_grade,comments
1,B,
2,B,
3,B,Strong effort
4,A,
5,A,
6,C,
7,B,Missing assignments
8,C,
9,A,
10,A,Strong effort
11,C,
12,A,Missing assignments
13,A,Improved this term
14,C,Strong effort
15,A,
16,B,Strong effort
17,B,Strong effort
18,F,
19,A,Missing assignments
20,B,Missing assignments
21,C,
22,A,
23,B,
24,A,Strong effort
25,B,
26,C,Improved this term
27,B,Missing assignments
28,A,Strong effort
29,A,
30,B,Missing assignments
31,D,Improved this term
32,B,Missing assignments
33,A,Improved this term
34,B,
35,B,
36,F,
37,C,Improved this term
38,D,
39,A,Missing assignments
40,A,Strong effort
41,C,Improved this term
42,A,Strong effort
43,C,
44,B,
45,B,
46,B,
47,C,Improved this term
48,A,Strong effort
49,C,Strong effort
50,D,Strong effort
51,C,
52,C,Improved this term
53,C,Missing assignments
54,B,Strong effort
55,A,Strong effort
56,A,
57,A,
58,B,Missing assignments
59,A,
60,F,Strong effort
61,B,Missing assignments
62,A,Improved this term
63,C,Missing assignments
64,A,Missing assignments
65,B,Strong effort
66,A,
67,B,Improved this term
68,A,Strong effort
69,C,Missing assignments
70,C,
71,A,
72,B,Strong effort
73,C,
74,D,
75,F,Improved this term
76,B,Missing assignments
77,A,Improved this term
78,A,Strong effort
79,B,Improved this term
80,B,
81,D,Strong effort
82,A,
83,C,
84,A,Improved this term
85,A,
86,A,
87,C,Improved this term
88,A,Missing assignments
89,A,Missing assignments
90,B,Missing assignments
91,C,Missing assignments
92,C,Improved this term
93,A,Strong effort
94,A,
95,B,
96,B,
97,C,
98,C,
99,B,Improved this term
100,D,Improved this term
101,D,
102,D,Missing assignments
103,A,Strong effort
104,C,
105,B,Strong effort
106,A,Strong effort
107,B,
108,A,Missing assignments
109,B,Strong effort
110,A,
111,C,Improved this term
112,C,
113,A,Improved this term
114,A,
115,A,Missing assignments
116,A,
117,F,Strong effort
118,C,Improved this term
119,B,Strong effort
120,A,Missing assignments
121,B,Missing assignments
122,B,Improved this term
123,D,
124,B,Strong effort
125,C,
126,A,Strong effort
127,D,Improved this term
128,D,
129,D,Missing assignments
130,B,
131,C,Strong effort
132,D,
133,A,
134,C,Improved this term
135,B,Improved this term
136,C,
137,B,Missing assignments
138,A,Missing assignments
139,B,Strong effort
140,D,
141,B,
142,A,
143,A,Missing assignments
144,B,
145,A,
146,C,Strong effort
147,C,
148,C,Improved this term
149,C,Strong effort
150,C,
151,B,Missing assignments
152,C,
153,B,
154,B,
155,C,Improved this term
156,A,Missing assignments
157,B,
158,D,Strong effort
159,D,
160,C,
161,B,Missing assignments
162,B,Improved this term
163,B,Strong effort
164,B,Missing assignments
165,B,Improved this term
166,A,Strong effort
167,C,Missing assignments
168,A,Improved this term
169,D,
170,A,
171,C,
172,A,
173,B,Strong effort
174,B,
175,C,Missing assignments
176,C,
177,A,Missing assignments
178,C,
179,B,
180,A,Strong effort
181,C,
182,A,Missing assignments
183,A,
184,B,Missing assignments
185,B,Missing assignments
186,A,
187,A,Missing assignments
188,B,Strong effort
189,A,Improved this term
190,D,Strong effort
191,A,
192,B,Improved this term
193,D,Strong effort
194,A,Improved this term
195,B,Missing assignments
196,C,
197,A,Strong effort
198,C,Missing assignments
199,C,Strong effort
200,A,Strong effort
201,B,
202,C,
203,A,
204,A,
205,B,Improved this term
206,B,Missing assignments
207,C,
208,C,
209,B,
210,A,Missing assignments
211,B,Improved this term
212,A,
213,C,Improved this term
214,D,Strong effort
215,A,
216,B,Strong effort
217,B,Strong effort
218,B,Improved this term
219,A,
220,B,Missing assignments
221,F,Improved this term
222,C,Missing assignments
223,B,
224,F,Missing assignments
225,B,Strong effort
226,D,
227,C,
228,C,Improved this term
229,C,Improved this term
230,B,Improved this term
231,F,Improved this term
232,A,Improved this term
233,A,
234,A,
235,A,
236,C,
237,B,
238,B,Missing assignments
239,D,Missing assignments
240,C,
241,B,
242,D,Missing assignments
243,A,Missing assignments
244,A,Missing assignments
245,C,Missing assignments
246,A,Strong effort
247,A,
248,F,
249,C,Strong effort
250,D,
251,A,Missing assignments
252,B,
253,B,Strong effort
254,B,Improved this term
255,A,Missing assignments
256,B,Improved this term
257,B,Missing assignments
258,B,Improved this term
259,C,Missing assignments
260,A,Improved this term
261,A,Strong effort
262,A,Strong effort
263,B,Strong effort
264,A,Improved this term
265,C,
266,B,Strong effort
267,D,
268,B,
269,C,Missing assignments
270,B,Missing assignments
271,C,Strong effort
272,B,Improved this term
273,C,Missing assignments
274,B,Improved this term
275,B,Missing assignments
276,A,Improved this term
277,F,Missing assignments
278,B,Strong effort
279,B,Missing assignments
280,C,
281,B,Improved this term
282,A,Strong effort
283,A,Strong effort
284,C,Strong effort
285,B,Missing assignments
286,D,
287,C,
288,D,Strong effort
289,C,Strong effort
290,B,Strong effort
291,A,Strong effort
292,B,Strong effort
293,B,Strong effort
294,A,Strong effort
295,A,
296,B,Missing assignments
297,B,Missing assignments
298,C,Improved this term
299,C,
300,B,
301,B,Strong effort
302,B,Missing assignments
303,B,Strong effort
304,B,Strong effort
305,D,Missing assignments
306,B,Improved this term
307,B,
308,C,Strong effort
309,A,
310,A,Improved this term
311,C,
312,A,Strong effort
313,C,Strong effort
314,A,Strong effort
315,A,
316,D,Missing assignments
317,D,Missing assignments
318,A,Missing assignments
319,B,Improved this term
320,D,
321,C,
322,A,
323,B,Strong effort
324,B,Missing assignments
325,C,Missing assignments
326,D,Missing assignments
327,C,
328,A,
329,B,
330,B,Strong effort
331,B,
332,A,Strong effort
333,B,Missing assignments
334,D,
335,F,
336,C,Strong effort
337,A,
338,A,Improved this term
339,C,
340,C,Improved this term
341,B,Missing assignments
342,C,Improved this term
343,B,Missing assignments
344,A,
345,A,Improved this term
346,C,Missing assignments
347,A,
348,C,Strong effort
349,A,Missing assignments
350,C,
351,A,Missing assignments
352,C,
353,A,Strong effort
354,D,Improved this term
355,D,
356,F,
357,B,Missing assignments
358,B,
359,F,
360,C,
361,A,
362,C,Improved this term
363,A,Strong effort
364,C,
365,A,
366,C,Strong effort
367,B,Improved this term
368,A,
369,F,Strong effort
370,A,Strong effort
371,B,
372,C,Strong effort
373,A,Improved this term
374,C,Strong effort
375,C,
376,B,Strong effort
377,B,
378,C,Improved this term
379,A,Improved this term
380,A,
381,B,
382,A,Strong effort
383,D,
384,B,
385,B,Missing assignments
386,A,Missing assignments
387,C,Improved this term
388,D,Improved this term
389,F,
390,B,Missing assignments
391,C,Strong effort
392,B,
393,C,Missing assignments
394,A,Strong effort
395,B,
396,C,Strong effort
397,A,
398,C,Improved this term
399,B,Improved this term
400,A,
401,C,
402,B,
403,A,
404,C,
405,C,Missing assignments
406,B,
407,C,Strong effort
408,C,Strong effort
409,C,
410,B,
411,C,Improved this term
412,B,Improved this term
413,A,
414,B,Strong effort
415,A,Strong effort
416,D,Improved this term
417,B,Missing assignments
418,A,
419,C,
420,B,
421,B,Strong effort
422,C,Missing assignments
423,D,Missing assignments
424,B,Improved this term
425,A,Strong effort
426,C,Improved this term
427,B,
428,A,Missing assignments
429,C,Improved this term
430,A,
431,A,Strong effort
432,D,Missing assignments
433,C,Improved this term
434,B,Improved this term
435,B,Improved this term
436,C,Improved this term
437,B,
438,A,
439,A,Strong effort
440,A,
441,B,Missing assignments
442,A,
443,B,
444,A,
445,B,
446,C,
447,A,
448,B,Missing assignments
449,D,
450,A,Improved this term
451,C,Missing assignments
452,F,Missing assignments
453,B,Improved this term
454,B,Improved this term
455,B,Strong effort
456,A,Improved this term
457,B,Missing assignments
458,B,
459,B,
460,B,Strong effort
461,C,
462,A,Improved this term
463,B,Missing assignments
464,A,Strong effort
465,B,
466,B,
467,D,Improved this term
468,B,
469,B,Missing assignments
470,A,Missing assignments
471,B,Missing assignments
472,B,Missing assignments
473,B,
474,A,
475,B,
476,B,Strong effort
477,B,Strong effort
478,B,Missing assignments
479,B,
480,C,Missing assignments
481,D,
482,C,Improved this term
483,A,Missing assignments
484,B,
485,A,Missing assignments
486,D,
487,D,Missing assignments
488,F,
489,A,Strong effort
490,B,Strong effort
491,B,Missing assignments
492,C,Improved this term
493,D,Missing assignments
494,A,
495,A,
496,A,
497,A,Strong effort
498,C,
499,A,
500,B,Improved this term
501,B,Improved this term
502,F,Strong effort
503,A,Missing assignments
504,C,Missing assignments
505,A,
506,A,Missing assignments
507,C,Improved this term
508,D,
509,A,Improved this term
510,B,
511,D,
512,B,Strong effort
513,C,
514,B,
515,C,
516,C,Strong effort
517,D,Strong effort
518,B,Strong effort
519,B,Strong effort
520,B,
521,A,Strong effort
522,A,Strong effort
523,B,
524,C,
525,B,Missing assignments
526,D,Missing assignments
527,A,Missing assignments
528,B,
529,B,Missing assignments
530,A,Missing assignments
531,B,Improved this term
532,A,
533,B,Improved this term
534,D,Missing assignments
535,C,
536,C,
537,A,Strong effort
538,C,Missing assignments
539,B,
540,B,
541,D,
542,B,Strong effort
543,A,
544,A,Improved this term
545,F,Improved this term
546,B,
547,D,Strong effort
548,B,Improved this term
549,A,Improved this term
550,B,
551,B,
552,A,
553,C,Missing assignments
554,A,Improved this term
555,B,
556,A,Improved this term
557,B,Improved this term
558,A,Improved this term
559,A,
560,B,
561,C,Missing assignments
562,B,Strong effort
563,B,
564,D,
565,A,
566,A,
567,D,
568,D,
569,A,Missing assignments
570,B,Strong effort
571,A,Improved this term
572,D,Missing assignments
573,C,Improved this term
574,F,Missing assignments
575,C,
576,A,Improved this term
577,B,Strong effort
578,B,Strong effort
579,B,
580,A,
581,B,Improved this term
582,C,Missing assignments
583,C,Strong effort
584,D,
585,B,
586,B,Missing assignments
587,B,Missing assignments
588,B,Strong effort
589,B,
590,C,Improved this term
591,B,
592,A,
593,D,Strong effort
594,B,Strong effort
595,A,Strong effort
596,A,Strong effort
597,D,Strong effort
598,B,Strong effort
599,D,Missing assignments
600,B,Improved this term
601,B,Missing assignments
602,D,
603,A,
604,B,Strong effort
605,C,
606,C,Strong effort
607,C,Missing assignments
608,F,Strong effort
609,C,Missing assignments
610,B,Improved this term
611,B,Missing assignments
612,B,
613,A,Improved this term
614,A,
615,B,
616,C,Improved this term
617,A,
618,D,Improved this term
619,B,Missing assignments
620,B,Missing assignments
621,B,
622,B,Strong effort
623,C,
624,A,
625,A,
626,A,Strong effort
627,C,
628,B,Strong effort
629,C,Improved this term
630,C,Improved this term
631,B,Missing assignments
632,C,
633,B,
634,F,
635,A,Strong effort
636,F,Improved this term
637,C,Strong effort
638,C,
639,B,
640,A,Missing assignments
641,A,
642,B,
643,C,
644,B,Improved this term
645,C,
646,B,Missing assignments
647,A,Improved this term
648,C,Missing assignments
649,D,Strong effort
650,B,
651,B,Improved this term
652,A,
653,B,Improved this term
654,A,
655,B,Strong effort
656,B,Missing assignments
657,A,Missing assignments
658,A,Missing assignments
659,B,
660,A,Strong effort
661,B,Strong effort
662,D,Strong effort
663,C,Strong effort
664,A,Improved this term
665,A,Improved this term
666,B,Missing assignments
667,A,Missing assignments
668,B,
669,C,Improved this term
670,C,Missing assignments
671,B,
672,B,Improved this term
673,A,Missing assignments
674,C,Improved this term
675,B,
676,D,Missing assignments
677,C,Strong effort
678,C,Missing assignments
679,D,
680,B,Strong effort
681,A,Improved this term
682,A,
683,B,Strong effort
684,C,Improved this term
685,B,Strong effort
686,C,
687,B,Improved this term
688,B,
689,A,
690,B,Improved this term
691,B,
692,A,
693,C,Improved this term
694,B,
695,C,Missing assignments
696,C,Improved this term
697,A,
698,B,
699,A,
700,B,
701,D,Improved this term
702,A,Improved this term
703,A,Missing assignments
704,B,Missing assignments
705,B,Missing assignments
706,D,
707,A,
708,A,
709,B,Improved this term
710,B,
711,C,Improved this term
712,B,
713,A,Missing assignments
714,D,
715,A,Strong effort
716,C,
717,A,Missing assignments
718,B,Improved this term
719,B,
720,C,Strong effort
721,A,Improved this term
722,A,Missing assignments
723,A,Strong effort
724,B,Improved this term
725,C,Improved this term
726,C,
727,B,Missing assignments
728,B,
729,C,Improved this term
730,A,Missing assignments
731,B,
732,A,Strong effort
733,D,
734,A,
735,B,Strong effort
736,C,
737,B,Missing assignments
738,A,Improved this term
739,A,
740,A,Missing assignments
741,D,Strong effort
742,A,
743,A,Missing assignments
744,D,
745,B,Improved this term
746,C,
747,C,
748,B,Strong effort
749,A,Strong effort
750,B,
751,D,
752,A,Improved this term
753,C,
754,B,Strong effort
755,A,Strong effort
756,B,
757,D,Strong effort
758,B,
759,B,Missing assignments
760,D,Missing assignments
761,A,
762,A,
763,A,Strong effort
764,D,Missing assignments
765,A,
766,B,
767,D,Improved this term
768,A,Strong effort
769,D,
770,A,Missing assignments
771,C,Missing assignments
772,D,Improved this term
773,B,Improved this term
774,C,
775,B,
776,A,Strong effort
777,B,Improved this term
778,B,
779,A,
780,A,
781,C,Strong effort
782,B,Missing assignments
783,A,Missing assignments
784,A,Strong effort
785,B,
786,A,Strong effort
787,A,Improved this term
788,A,Strong effort
789,B,
790,D,Improved this term
791,C,Improved this term
792,B,
793,A,
794,B,
795,A,Strong effort
796,C,Improved this term
797,B,
798,B,
799,A,
800,C,
801,C,Strong effort
802,A,Improved this term
803,D,Missing assignments
804,C,Improved this term
805,A,
806,C,Missing assignments
807,A,
808,B,
809,B,Missing assignments
810,D,
811,B,
812,B,Improved this term
813,A,
814,A,Strong effort
815,A,Improved this term
816,C,Improved this term
817,B,Strong effort
818,A,
819,A,Strong effort
820,A,
821,A,
822,A,Strong effort
823,F,
824,B,
825,B,Improved this term
826,B,Missing assignments
827,D,
828,B,Improved this term
829,C,Missing assignments
830,B,Strong effort
831,D,Improved this term
832,B,Missing assignments
833,D,
834,A,
835,A,Strong effort
836,A,Strong effort
837,C,Missing assignments
838,F,
839,B,
840,F,Improved this term
841,B,
842,B,Missing assignments
843,B,Improved this term
844,A,Missing assignments
845,B,
846,A,
847,A,
848,B,
849,A,
850,A,
851,B,Missing assignments
852,B,
853,B,Improved this term
854,A,
855,A,
856,D,
857,B,
858,F,
859,B,Missing assignments
860,D,
861,A,Improved this term
862,C,Strong effort
863,B,
864,D,
865,B,
866,B,
867,A,Improved this term
868,A,
869,B,Missing assignments
870,D,
871,D,Improved this term
872,F,
873,B,Missing assignments
874,D,
875,C,Improved this term
876,B,Strong effort
877,C,
878,B,Strong effort
879,B,
880,A,Improved this term
881,B,
882,C,
883,A,
884,A,Improved this term
885,A,
886,A,Strong effort
887,B,Missing assignments
888,C,Strong effort
889,B,Missing assignments
890,C,
891,A,Improved this term
892,B,
893,C,Improved this term
894,B,Missing assignments
895,A,
896,B,
897,B,Missing assignments
898,C,Strong effort
899,B,Strong effort
900,A,Strong effort
901,C,Missing assignments
902,B,
903,C,Missing assignments
904,B,Improved this term
905,A,Improved this term
906,A,
907,B,
908,B,Improved this term
909,D,
910,B,Strong effort
911,A,Strong effort
912,C,
913,B,Missing assignments
914,B,
915,A,Improved this term
916,A,Missing assignments
917,A,Strong effort
918,F,Strong effort
919,A,Missing assignments
920,B,Missing assignments
921,A,Improved this term
922,D,Improved this term
923,F,Missing assignments
924,A,
925,A,Strong effort
926,A,Improved this term
927,A,Improved this term
928,D,Strong effort
929,A,
930,D,Improved this term
931,B,Strong effort
932,B,
933,B,Missing assignments
934,D,Strong effort
935,B,Missing assignments
936,C,
937,C,Improved this term
938,A,
939,D,
940,F,Improved this term
941,D,Missing assignments
942,A,Strong effort
943,A,
944,A,
945,A,Strong effort
946,D,Strong effort
947,B,Improved this term
948,D,
949,C,Missing assignments
950,C,
951,A,
952,A,
953,A,Improved this term
954,B,Strong effort
955,C,Strong effort
956,B,
957,C,Improved this term
958,B,Improved this term
959,C,Missing assignments
960,C,Improved this term
961,B,
962,A,
963,B,
964,A,
965,A,
966,A,
967,C,Improved this term
968,B,Missing assignments
969,A,
970,B,Improved this term
971,C,Missing assignments
972,A,Missing assignments
973,A,Strong effort
974,C,Strong effort
975,C,Strong effort
976,D,Missing assignments
977,B,
978,C,
979,B,
980,B,
981,B,Missing assignments
982,C,
983,A,
984,B,Missing assignments
985,B,Missing assignments
986,B,Missing assignments
987,B,Strong effort
988,B,Strong effort
989,B,
990,D,Strong effort
991,B,
992,C,Missing assignments
993,B,Missing assignments
994,C,
995,B,Strong effort
996,B,
997,B,
998,A,
999,B,Improved this term
1000,B,Improved this term
1001,C,Missing assignments
1002,C,Missing assignments
1003,C,Missing assignments
1004,C,Improved this term
1005,A,Strong effort
1006,C,Improved this term
1007,C,
1008,B,
1009,A,Missing assignments
1010,A,Strong effort
1011,C,
1012,B,
1013,C,
1014,A,
1015,C,Strong effort
1016,A,Missing assignments
1017,B,
1018,C,
1019,B,Missing assignments
1020,A,
1021,A,
1022,A,Missing assignments
1023,F,Strong effort
1024,D,Strong effort
1025,A,Strong effort
1026,C,
1027,D,
1028,A,
1029,B,Improved this term
1030,A,
1031,B,Improved this term
1032,A,Improved this term
1033,C,
1034,F,Strong effort
1035,B,Strong effort
1036,C,Missing assignments
1037,B,
1038,B,Strong effort
1039,A,Missing assignments
1040,A,
1041,A,Missing assignments
1042,B,Improved this term
1043,A,Improved this term
1044,B,
1045,C,Improved this term
1046,A,
1047,B,Improved this term
1048,A,
1049,C,Improved this term
1050,B,Improved this term
1051,C,Improved this term
1052,B,Strong effort
1053,C,
1054,B,Improved this term
1055,A,Missing assignments
1056,A,
1057,B,
1058,B,Missing assignments
1059,B,
1060,C,Missing assignments
1061,A,
1062,A,Improved this term
1063,B,
1064,A,
1065,B,
1066,A,
1067,C,
1068,C,Improved this term
1069,B,
1070,B,
1071,B,
1072,C,
1073,A,Improved this term
1074,B,Strong effort
1075,F,
1076,B,Improved this term
1077,B,
1078,D,
1079,D,
1080,B,
1081,C,
1082,F,Improved this term
1083,F,Strong effort
1084,C,Strong effort
1085,C,
1086,C,Strong effort
1087,B,
1088,A,Missing assignments
1089,A,
1090,A,Missing assignments
1091,C,
1092,C,
1093,B,Improved this term
1094,C,Missing assignments
1095,A,Improved this term
1096,C,
1097,C,Strong effort
1098,A,
1099,B,
1100,C,Missing assignments
1101,D,
1102,A,Strong effort
1103,A,Missing assignments
1104,B,
1105,C,
1106,B,Improved this term
1107,D,Missing assignments
1108,B,Improved this term
1109,B,
1110,B,
1111,A,
1112,B,Missing assignments
1113,B,Improved this term
1114,C,
1115,B,
1116,B,
1117,C,Improved this term
1118,B,Improved this term
1119,B,Improved this term
1120,A,
1121,B,Improved this term
1122,C,Improved this term
1123,A,Strong effort
1124,A,
1125,B,Improved this term
1126,B,Strong effort
1127,A,
1128,A,Improved this term
1129,A,
1130,A,
1131,F,
1132,C,
1133,C,Improved this term
1134,C,Missing assignments
1135,C,
1136,C,Missing assignments
1137,A,Missing assignments
1138,D,
1139,A,
1140,B,
1141,B,
1142,B,Missing assignments
1143,B,Strong effort
1144,C,
1145,C,
1146,C,
1147,C,Missing assignments
1148,A,Missing assignments
1149,C,
1150,A,Missing assignments
1151,F,Improved this term
1152,A,
1153,A,
1154,B,Strong effort
1155,C,
1156,A,Improved this term
1157,C,Improved this term
1158,F,
1159,A,Missing assignments
1160,B,Improved this term
1161,A,
1162,A,Missing assignments
1163,A,
1164,A,Improved this term
1165,A,
1166,A,Missing assignments
1167,B,Strong effort
1168,D,Improved this term
1169,A,Improved this term
1170,D,
1171,A,
1172,A,
1173,A,
1174,C,
1175,B,
1176,C,Missing assignments
1177,D,Missing assignments
1178,A,
1179,C,Improved this term
1180,C,Missing assignments
1181,C,Improved this term
1182,C,Improved this term
1183,C,Missing assignments
1184,C,
1185,C,
1186,B,
1187,B,Missing assignments
1188,A,Improved this term
1189,B,Strong effort
1190,C,Strong effort
1191,A,Strong effort
1192,B,Strong effort
1193,B,
1194,A,
1195,A,Strong effort
1196,F,Improved this term
1197,A,Improved this term
1198,A,Improved this term
1199,A,Improved this term
1200,A,Missing assignments
1201,B,Strong effort
1202,F,Improved this term
1203,B,Missing assignments
1204,B,Improved this term
1205,A,Improved this term
1206,C,Strong effort
1207,C,Missing assignments
1208,A,Strong effort
1209,F,Strong effort
1210,C,Missing assignments
1211,C,Missing assignments
1212,A,Missing assignments
1213,A,
1214,C,
1215,C,Improved this term
1216,B,Improved this term
1217,B,
1218,C,Missing assignments
1219,A,Improved this term
1220,A,
1221,C,Missing assignments
1222,A,
1223,C,
1224,C,Improved this term
1225,A,Improved this term
1226,B,Missing assignments
1227,B,Missing assignments
1228,C,
1229,C,Missing assignments
1230,C,Improved this term
1231,C,Missing assignments
1232,A,
1233,B,Improved this term
1234,B,Missing assignments
1235,B,
1236,A,Improved this term
1237,C,Improved this term
1238,D,Missing assignments
1239,C,
1240,C,
1241,B,
1242,B,Strong effort
1243,B,
1244,B,Improved this term
1245,C,
1246,B,
1247,B,
1248,A,
1249,A,Strong effort
1250,A,
1251,B,
1252,A,Missing assignments
1253,C,
1254,C,
1255,B,Strong effort
1256,B,
1257,B,
1258,B,
1259,A,Improved this term
1260,C,Missing assignments
1261,B,Missing assignments
1262,B,Improved this term
1263,A,
1264,B,
1265,A,Improved this term
1266,A,Improved this term
1267,B,
1268,B,
1269,B,
1270,C,Improved this term
1271,B,Improved this term
1272,D,
1273,A,Improved this term
1274,B,Strong effort
1275,B,Improved this term
1276,C,Missing assignments
1277,C,Improved this term
1278,A,
1279,C,Strong effort
1280,A,Strong effort
1281,B,
1282,B,
1283,C,Missing assignments
1284,A,Strong effort
1285,B,Missing assignments
1286,C,
1287,B,Improved this term
1288,B,
1289,B,
1290,A,Missing assignments
1291,C,Improved this term
1292,A,Missing assignments
1293,D,
1294,A,Missing assignments
1295,B,Strong effort
1296,D,
1297,D,
1298,B,
1299,C,
1300,B,
1301,D,Strong effort
1302,A,Improved this term
1303,B,Strong effort
1304,A,Improved this term
1305,A,
1306,B,
1307,D,
1308,A,
1309,C,
1310,D,Missing assignments
1311,C,Improved this term
1312,C,
1313,A,
1314,B,Strong effort
1315,A,Improved this term
1316,C,Missing assignments
1317,B,Strong effort
1318,B,Missing assignments
1319,B,
1320,B,Improved this term
1321,C,Improved this term
1322,B,Improved this term
1323,A,Missing assignments
1324,D,Strong effort
1325,A,
1326,C,
1327,B,Strong effort
1328,C,Strong effort
1329,B,Strong effort
1330,B,
1331,A,Strong effort
1332,B,
1333,C,Strong effort
1334,A,Missing assignments
1335,B,
1336,F,Improved this term
1337,D,Strong effort
1338,C,
1339,B,
1340,C,Improved this term
1341,A,
1342,A,
1343,A,Strong effort
1344,A,
1345,A,
1346,C,
1347,A,Strong effort
1348,B,Strong effort
1349,B,
1350,B,
1351,A,Missing assignments
1352,A,Improved this term
1353,A,Strong effort
1354,B,
1355,B,Missing assignments
1356,A,Strong effort
1357,B,Improved this term
1358,A,
1359,B,Improved this term
1360,D,Improved this term
1361,C,
1362,A,
1363,B,
1364,B,Missing assignments
1365,A,
1366,D,Improved this term
1367,D,Improved this term
1368,C,Strong effort
1369,C,Improved this term
1370,B,Missing assignments
1371,C,Missing assignments
1372,A,
1373,B,
1374,B,
1375,A,Strong effort
1376,D,Missing assignments
1377,B,
1378,B,Missing assignments
1379,A,
1380,A,Missing assignments
1381,B,Missing assignments
1382,C,
1383,A,Strong effort
1384,C,Strong effort
1385,A,
1386,A,Missing assignments
1387,B,
1388,A,Improved this term
1389,B,Improved this term
1390,B,
1391,B,
1392,A,
1393,B,Missing assignments
1394,B,
1395,C,
1396,B,
1397,B,
1398,F,Missing assignments
1399,C,
1400,B,Strong effort
1401,C,
1402,B,
1403,D,Improved this term
1404,B,Missing assignments
1405,A,Missing assignments
1406,A,Improved this term
1407,A,
1408,B,
1409,C,Improved this term
1410,B,Improved this term
1411,C,
1412,D,
1413,B,
1414,B,
1415,D,Strong effort
1416,B,
1417,A,
1418,B,Missing assignments
1419,C,
1420,C,Missing assignments
1421,C,Improved this term
1422,A,Missing assignments
1423,B,
1424,B,
1425,C,
1426,C,
1427,B,Improved this term
1428,A,Missing assignments
1429,C,Improved this term
1430,B,Strong effort
1431,A,Strong effort
1432,B,Strong effort
1433,F,
1434,C,Improved this term
1435,B,
1436,B,
1437,F,Improved this term
1438,C,Strong effort
1439,C,Missing assignments
1440,F,Missing assignments
1441,C,Improved this term
1442,B,Strong effort
1443,D,Missing assignments
1444,A,Missing assignments
1445,B,
1446,B,
1447,C,Missing assignments
1448,B,Missing assignments
1449,A,Improved this term
1450,B,Missing assignments
1451,C,Missing assignments
1452,B,Improved this term
1453,B,
1454,A,
1455,B,Missing assignments
1456,C,
1457,A,Strong effort
1458,B,Strong effort
1459,B,Missing assignments
1460,A,Strong effort
1461,A,Missing assignments
1462,C,
1463,C,
1464,C,
1465,A,Strong effort
1466,B,
1467,D,Improved this term
1468,A,
1469,D,Strong effort
1470,C,Improved this term
1471,C,Improved this term
1472,A,Improved this term
1473,B,Missing assignments
1474,A,Missing assignments
1475,C,Improved this term
1476,D,Strong effort
1477,A,
1478,C,Improved this term
1479,D,Missing assignments
1480,B,Strong effort
1481,A,
1482,C,Strong effort
1483,B,
1484,A,
1485,C,Strong effort
1486,C,Missing assignments
1487,A,
1488,A,Improved this term
1489,D,
1490,B,Improved this term
1491,B,Improved this term
1492,A,
1493,A,Strong effort
1494,A,
1495,B,
1496,B,
1497,B,Improved this term
1498,B,Missing assignments
1499,B,Missing assignments
1500,B,Missing assignments
1501,D,Missing assignments
1502,C,
1503,F,
1504,C,
1505,D,
1506,C,
1507,A,Missing assignments
1508,C,Strong effort
1509,B,Missing assignments
1510,B,Strong effort
1511,B,
1512,C,
1513,B,Missing assignments
1514,C,
1515,B,
1516,B,Strong effort
1517,C,
1518,A,
1519,D,Improved this term
1520,B,Improved this term
1521,A,Improved this term
1522,C,Missing assignments
1523,C,
1524,D,
1525,C,Strong effort
1526,A,
1527,B,Strong effort
1528,C,Strong effort
1529,B,Improved this term
1530,B,
1531,A,Strong effort
1532,C,Improved this term
1533,B,Strong effort
1534,B,Missing assignments
1535,A,
1536,A,Improved this term
1537,D,
1538,A,Improved this term
1539,A,Strong effort
1540,B,
1541,B,
1542,B,
1543,C,Strong effort
1544,C,
1545,A,Missing assignments
1546,B,
1547,C,Strong effort
1548,A,Strong effort
1549,A,
1550,C,Strong effort
1551,D,Missing assignments
1552,A,Strong effort
1553,A,Improved this term
1554,B,Strong effort
1555,C,Improved this term
1556,B,Strong effort
1557,C,Strong effort
1558,D,Improved this term
1559,F,Improved this term
1560,F,
1561,B,Strong effort
1562,C,
1563,A,Missing assignments
1564,C,Improved this term
1565,A,
1566,C,
1567,B,Missing assignments
1568,D,
1569,C,Strong effort
1570,B,Improved this term
1571,B,Improved this term
1572,A,Strong effort
1573,C,
1574,C,Missing assignments
1575,B,Missing assignments
1576,B,Missing assignments
1577,B,
1578,C,
1579,B,
1580,A,Strong effort
1581,D,
1582,C,
1583,B,Improved this term
1584,C,
1585,A,Missing assignments
1586,B,Missing assignments
1587,A,Missing assignments
1588,B,
1589,A,Improved this term
1590,B,
1591,D,
1592,C,Strong effort
1593,B,Missing assignments
1594,C,Missing assignments
1595,D,
1596,A,Strong effort
1597,D,
1598,D,
1599,C,
1600,C,
1601,A,
1602,C,Improved this term
1603,A,Missing assignments
1604,A,Strong effort
1605,F,Improved this term
1606,B,Strong effort
1607,F,Improved this term
1608,C,Missing assignments
1609,D,Improved this term
1610,C,Missing assignments
1611,B,Improved this term
1612,B,
1613,A,
1614,C,Improved this term
1615,B,Strong effort
1616,A,Improved this term
1617,D,
1618,A,Missing assignments
1619,B,Missing assignments
1620,D,Strong effort
1621,C,
1622,F,
1623,C,Strong effort
1624,B,
1625,C,Missing assignments
1626,D,Improved this term
1627,C,
1628,C,Strong effort
1629,C,Improved this term
1630,B,Missing assignments
1631,A,Strong effort
1632,B,
1633,C,Improved this term
1634,D,
1635,A,Improved this term
1636,D,Improved this term
1637,C,
1638,C,
1639,C,Improved this term
1640,F,Strong effort
1641,A,Strong effort
1642,A,
1643,B,Strong effort
1644,F,
1645,A,
1646,C,Strong effort
1647,C,Improved this term
1648,A,
1649,D,Strong effort
1650,A,
1651,C,
1652,B,
1653,B,Strong effort
1654,A,
1655,A,Strong effort
1656,D,
1657,A,Improved this term
1658,A,Strong effort
1659,D,
1660,A,Strong effort
1661,B,
1662,D,
1663,C,
1664,D,
1665,A,Strong effort
1666,D,Strong effort
1667,D,Missing assignments
1668,A,
1669,B,Missing assignments
1670,B,Strong effort
1671,B,Strong effort
1672,B,Missing assignments
1673,C,Strong effort
1674,B,Missing assignments
1675,A,Strong effort
1676,B,
1677,A,Missing assignments
1678,B,
1679,C,Missing assignments
1680,B,
1681,A,
1682,B,
1683,F,Strong effort
1684,B,Missing assignments
1685,A,Improved this term
1686,B,
1687,A,Strong effort
1688,A,Missing assignments
1689,B,
1690,A,Strong effort
1691,C,Strong effort
1692,B,
1693,B,Missing assignments
1694,A,
1695,C,Improved this term
1696,B,Strong effort
1697,A,
1698,C,
1699,B,Strong effort
1700,B,Improved this term
1701,D,
1702,A,
1703,D,Improved this term
1704,B,Missing assignments
1705,C,
1706,A,Improved this term
1707,B,Missing assignments
1708,B,Improved this term
1709,C,
1710,B,Missing assignments
1711,B,Missing assignments
1712,A,Improved this term
1713,A,
1714,C,
1715,C,Missing assignments
1716,B,Strong effort
1717,C,
1718,B,
1719,B,Strong effort
1720,B,
1721,B,Strong effort
1722,B,Missing assignments
1723,C,Improved this term
1724,A,Missing assignments
1725,C,Improved this term
1726,C,
1727,D,
1728,C,Improved this term
1729,B,Strong effort
1730,C,
1731,B,Improved this term
1732,A,
1733,D,Missing assignments
1734,A,Improved this term
1735,B,Improved this term
1736,B,Strong effort
1737,A,Improved this term
1738,D,
1739,C,
1740,B,
1741,A,Missing assignments
1742,C,Missing assignments
1743,D,
1744,B,Missing assignments
1745,B,
1746,C,
1747,F,
1748,B,Strong effort
1749,A,
1750,B,Missing assignments
1751,A,
1752,C,Improved this term
1753,C,Strong effort
1754,D,Strong effort
1755,B,Improved this term
1756,A,Improved this term
1757,C,
1758,B,
1759,B,
1760,A,
1761,B,Strong effort
1762,B,Strong effort
1763,A,Improved this term
1764,B,
1765,A,
1766,B,Strong effort
1767,B,Improved this term
1768,B,Improved this term
1769,B,
1770,F,
1771,C,Missing assignments
1772,C,Improved this term
1773,B,Missing assignments
1774,C,Strong effort
1775,B,Improved this term
1776,F,
1777,C,
1778,C,
1779,A,
1780,A,Missing assignments
1781,B,Strong effort
1782,C,
1783,A,
1784,B,
1785,B,Missing assignments
1786,C,Improved this term
1787,C,
1788,B,Missing assignments
1789,B,Strong effort
1790,B,Improved this term
1791,B,Improved this term
1792,B,Strong effort
1793,A,Strong effort
1794,C,
1795,A,Strong effort
1796,B,Improved this term
1797,B,Missing assignments
1798,B,Improved this term
1799,B,Missing assignments
1800,A,Improved this term
1801,A,Missing assignments
1802,C,
1803,C,Strong effort
1804,D,Strong effort
1805,D,
1806,B,
1807,A,Missing assignments
1808,A,
1809,D,
1810,C,
1811,B,
1812,D,Improved this term
1813,C,
1814,B,
1815,B,
1816,A,Strong effort
1817,C,
1818,B,Missing assignments
1819,A,Improved this term
1820,B,Strong effort
1821,C,Improved this term
1822,B,Missing assignments
1823,A,
1824,B,Improved this term
1825,C,
1826,F,Strong effort
1827,A,
1828,A,Strong effort
1829,B,Improved this term
1830,B,Missing assignments
1831,A,
1832,A,
1833,A,
1834,B,Improved this term
1835,B,Improved this term
1836,A,Strong effort
1837,B,Missing assignments
1838,B,Strong effort
1839,A,Missing assignments
1840,D,
1841,B,Missing assignments
1842,C,Missing assignments
1843,B,Missing assignments
1844,B,Improved this term
1845,B,Missing assignments
1846,A,Strong effort
1847,C,Missing assignments
1848,B,Missing assignments
1849,B,Strong effort
1850,A,Strong effort
1851,B,Strong effort
1852,A,
1853,A,
1854,A,
1855,B,
1856,B,Improved this term
1857,D,Improved this term
1858,C,Missing assignments
1859,A,
1860,C,
1861,A,Improved this term
1862,A,Missing assignments
1863,A,
1864,B,
1865,A,Strong effort
1866,C,Missing assignments
1867,B,Improved this term
1868,A,Improved this term
1869,A,Strong effort
1870,B,Strong effort
1871,C,
1872,B,Strong effort
1873,C,Improved this term
1874,A,
1875,A,Improved this term
1876,B,Strong effort
1877,A,Strong effort
1878,C,Strong effort
1879,B,Missing assignments
1880,A,Improved this term
1881,A,Missing assignments
1882,C,
1883,C,Missing assignments
1884,A,
1885,B,Strong effort
1886,A,
1887,D,Strong effort
1888,A,Strong effort
1889,F,
1890,C,Missing assignments
1891,A,Missing assignments
1892,B,Improved this term
1893,B,
1894,B,
1895,B,Missing assignments
1896,B,
1897,C,Missing assignments
1898,A,Missing assignments
1899,F,Improved this term
1900,B,Strong effort
1901,C,Missing assignments
1902,B,Improved this term
1903,C,Strong effort
1904,A,
1905,A,Improved this term
1906,C,Missing assignments
1907,A,
1908,B,Missing assignments
1909,A,Missing assignments
1910,A,
1911,A,
1912,B,
1913,B,
1914,A,Strong effort
1915,D,Missing assignments
1916,C,
1917,A,Improved this term
1918,C,Missing assignments
1919,A,Missing assignments
1920,B,Strong effort
1921,B,Missing assignments
1922,A,
1923,B,Missing assignments
1924,C,
1925,A,
1926,B,
1927,B,
1928,B,
1929,B,
1930,B,
1931,A,Missing assignments
1932,B,
1933,C,Strong effort
1934,B,
1935,B,Missing assignments
1936,B,Improved this term
1937,A,Improved this term
1938,A,
1939,A,Missing assignments
1940,D,Improved this term
1941,A,
1942,C,
1943,A,Missing assignments
1944,A,
1945,B,Missing assignments
1946,B,Missing assignments
1947,A,Strong effort
1948,B,Strong effort
1949,A,Strong effort
1950,A,
1951,C,Strong effort
1952,A,Strong effort
1953,B,Strong effort
1954,A,Missing assignments
1955,C,
1956,A,
1957,A,Strong effort
1958,A,Improved this term
1959,C,
1960,C,Strong effort
1961,A,Improved this term
1962,A,
1963,A,Improved this term
1964,A,Improved this term
1965,A,Improved this term
1966,C,
1967,A,
1968,B,Missing assignments
1969,A,Strong effort
1970,B,
1971,A,
1972,C,
1973,B,Improved this term
1974,A,Improved this term
1975,A,
1976,B,
1977,C,Missing assignments
1978,C,Improved this term
1979,B,Improved this term
1980,C,Strong effort
1981,C,
1982,D,Improved this term
1983,B,
1984,C,Missing assignments
1985,A,Improved this term
1986,C,Missing assignments
1987,F,Missing assignments
1988,B,Strong effort
1989,D,Strong effort
1990,C,
1991,D,
1992,C,
1993,C,Missing assignments
1994,B,
1995,A,Missing assignments
1996,A,Missing assignments
1997,A,Strong effort
1998,D,
1999,B,
2000,C,Improved this term
2001,A,
2002,D,
2003,C,Strong effort
2004,A,
2005,A,Strong effort
2006,F,
2007,B,Strong effort
2008,A,
2009,D,
2010,C,
2011,C,Improved this term
2012,B,Strong effort
2013,B,Strong effort
2014,B,
2015,A,Missing assignments
2016,A,
2017,B,
2018,A,Strong effort
2019,C,
2020,A,
2021,A,Missing assignments
2022,A,Strong effort
2023,D,
2024,D,
2025,B,Strong effort
2026,A,Strong effort
2027,C,Missing assignments
2028,B,
2029,A,Strong effort
2030,A,Improved this term
2031,B,
2032,B,
2033,B,Improved this term
2034,C,
2035,B,Improved this term
2036,F,
2037,C,Missing assignments
2038,B,Improved this term
2039,C,Strong effort
2040,A,Missing assignments
2041,F,Strong effort
2042,D,Improved this term
2043,A,Improved this term
2044,B,Missing assignments
2045,B,Strong effort
2046,A,
2047,A,
2048,B,Strong effort
2049,A,Strong effort
2050,A,Improved this term
2051,C,
2052,B,Improved this term
2053,A,Improved this term
2054,A,Improved this term
2055,C,Improved this term
2056,B,Missing assignments
2057,A,Improved this term
2058,A,Strong effort
2059,C,
2060,B,
2061,D,Missing assignments
2062,B,
2063,F,
2064,B,
2065,A,Strong effort
2066,B,Strong effort
2067,A,Improved this term
2068,A,Missing assignments
2069,C,Missing assignments
2070,B,
2071,B,
2072,C,Missing assignments
2073,B,Missing assignments
2074,D,
2075,B,
2076,C,Improved this term
2077,D,
2078,C,Missing assignments
2079,C,Missing assignments
2080,A,Strong effort
2081,B,
2082,A,Missing assignments
2083,F,Missing assignments
2084,A,
2085,B,Strong effort
2086,B,
2087,A,Strong effort
2088,C,Missing assignments
2089,C,
2090,B,
2091,B,
2092,A,
2093,D,
2094,B,Missing assignments
2095,B,Strong effort
2096,A,Strong effort
2097,B,Strong effort
2098,B,Improved this term
2099,B,
2100,D,
2101,B,Missing assignments
2102,A,Missing assignments
2103,B,Missing assignments
2104,A,Improved this term
2105,D,
2106,A,Improved this term
2107,A,
2108,A,Improved this term
2109,C,
2110,C,Strong effort
2111,C,Strong effort
2112,C,Missing assignments
2113,B,
2114,D,
2115,A,
2116,F,Missing assignments
2117,B,Missing assignments
2118,D,Improved this term
2119,C,Improved this term
2120,A,Improved this term
2121,D,Improved this term
2122,B,Missing assignments
2123,D,
2124,D,Missing assignments
2125,B,Improved this term
2126,A,
2127,B,Strong effort
2128,C,Improved this term
2129,B,Strong effort
2130,A,Improved this term
2131,F,Strong effort
2132,C,Strong effort
2133,A,Missing assignments
2134,C,
2135,B,Improved this term
2136,A,
2137,A,Missing assignments
2138,A,Improved this term
2139,B,Strong effort
2140,C,Improved this term
2141,A,Improved this term
2142,A,Missing assignments
2143,B,Strong effort
2144,B,
2145,C,
2146,A,
2147,B,
2148,D,
2149,A,Missing assignments
2150,B,Missing assignments
2151,B,Missing assignments
2152,B,Improved this term
2153,A,Missing assignments
2154,A,
2155,D,Missing assignments
2156,C,
2157,B,
2158,B,
2159,D,Missing assignments
2160,B,
2161,D,
2162,D,
2163,C,
2164,A,Missing assignments
2165,C,
2166,C,Missing assignments
2167,C,
2168,B,Strong effort
2169,A,Missing assignments
2170,A,Improved this term
2171,F,
2172,A,
2173,A,Strong effort
2174,D,
2175,C,
2176,C,
2177,B,Improved this term
2178,B,
2179,C,Strong effort
2180,C,
2181,A,Missing assignments
2182,B,Improved this term
2183,A,Missing assignments
2184,F,
2185,B,
2186,D,
2187,D,Strong effort
2188,D,Strong effort
2189,C,Missing assignments
2190,B,Strong effort
2191,A,
2192,A,Missing assignments
2193,B,
2194,A,
2195,A,Missing assignments
2196,C,Improved this term
2197,C,Improved this term
2198,C,Improved this term
2199,D,Missing assignments
2200,C,Missing assignments
2201,C,Missing assignments
2202,B,Missing assignments
2203,A,Strong effort
2204,C,Improved this term
2205,A,Improved this term
2206,B,Strong effort
2207,D,
2208,B,
2209,A,Improved this term
2210,B,Strong effort
2211,C,
2212,A,Missing assignments
2213,A,Missing assignments
2214,B,Strong effort
2215,C,Improved this term
2216,A,Improved this term
2217,D,Missing assignments
2218,A,Missing assignments
2219,A,Improved this term
2220,A,Improved this term
2221,A,Missing assignments
2222,C,
2223,B,Improved this term
2224,B,Strong effort
2225,A,
2226,D,
2227,A,Strong effort
2228,B,
2229,A,Strong effort
2230,B,
2231,C,Improved this term
2232,F,
2233,C,Missing assignments
2234,B,Improved this term
2235,B,Improved this term
2236,A,Missing assignments
2237,A,Strong effort
2238,A,
2239,B,Improved this term
2240,A,Strong effort
2241,A,Improved this term
2242,B,Missing assignments
2243,B,
2244,B,
2245,A,Improved this term
2246,A,Improved this term
2247,F,Missing assignments
2248,A,
2249,B,Strong effort
2250,C,Strong effort
2251,A,Strong effort
2252,C,Improved this term
2253,D,Strong effort
2254,F,
2255,C,Improved this term
2256,A,Improved this term
2257,D,Improved this term
2258,D,Missing assignments
2259,A,
2260,B,Strong effort
2261,C,
2262,B,Improved this term
2263,B,
2264,B,
2265,A,Strong effort
2266,A,Strong effort
2267,B,Improved this term
2268,A,Improved this term
2269,C,
2270,B,Improved this term
2271,B,
2272,A,Strong effort
2273,B,
2274,B,Strong effort
2275,C,
2276,B,
2277,B,Improved this term
2278,C,Missing assignments
2279,C,
2280,D,Improved this term
2281,A,
2282,F,
2283,B,
2284,A,Improved this term
2285,D,
2286,C,
2287,B,
2288,A,Improved this term
2289,A,Strong effort
2290,C,Improved this term
2291,D,Missing assignments
2292,B,
2293,B,Improved this term
2294,C,
2295,C,
2296,C,Missing assignments
2297,A,
2298,C,
2299,B,
2300,B,
2301,C,Strong effort
2302,A,
2303,D,
2304,A,Missing assignments
2305,A,
2306,F,Improved this term
2307,B,
2308,B,Missing assignments
2309,B,
2310,B,Missing assignments
2311,A,Strong effort
2312,A,Strong effort
2313,A,
2314,F,
2315,C,
2316,A,
2317,D,Missing assignments
2318,C,Strong effort
2319,B,Strong effort
2320,C,
2321,C,Improved this term
2322,B,Improved this term
2323,A,Improved this term
2324,B,
2325,A,
2326,C,
2327,A,Improved this term
2328,B,Improved this term
2329,B,Missing assignments
2330,B,Missing assignments
2331,C,
2332,D,Missing assignments
2333,D,Strong effort
2334,B,
2335,C,Strong effort
2336,B,
2337,F,
2338,D,Missing assignments
2339,B,Improved this term
2340,D,
2341,D,
2342,D,Improved this term
2343,A,Strong effort
2344,C,
2345,B,Missing assignments
2346,C,Improved this term
2347,C,
2348,C,
2349,B,Improved this term
2350,B,
2351,B,
2352,C,
2353,B,Strong effort
2354,A,
2355,C,Improved this term
2356,B,
2357,B,Missing assignments
2358,B,
2359,B,
2360,C,Missing assignments
2361,B,Missing assignments
2362,C,Missing assignments
2363,C,Missing assignments
2364,C,Improved this term
2365,B,Improved this term
2366,A,Improved this term
2367,C,Strong effort
2368,D,Strong effort
2369,B,Strong effort
2370,B,Improved this term
2371,A,Improved this term
2372,B,Missing assignments
2373,A,
2374,A,Improved this term
2375,A,
2376,A,
2377,B,Improved this term
2378,B,Strong effort
2379,C,Strong effort
2380,A,Missing assignments
2381,B,Improved this term
2382,C,Strong effort
2383,C,
2384,B,Improved this term
2385,B,
2386,B,
2387,C,Missing assignments
2388,A,Missing assignments
2389,A,Strong effort
2390,B,Strong effort
2391,A,
2392,A,Strong effort
2393,B,Missing assignments
2394,B,Missing assignments
2395,B,Missing assignments
2396,A,Missing assignments
2397,C,
2398,B,
2399,C,Improved this term
2400,F,Improved this term
2401,A,
2402,A,Strong effort
2403,D,
2404,B,Missing assignments
2405,A,Missing assignments
2406,A,Improved this term
2407,D,
2408,B,Strong effort
2409,C,
2410,F,
2411,B,
2412,D,
2413,B,Strong effort
2414,A,
2415,C,
2416,B,Missing assignments
2417,B,
2418,F,
2419,A,Improved this term
2420,A,Missing assignments
2421,B,
2422,B,Improved this term
2423,D,
2424,B,
2425,A,
2426,D,Improved this term
2427,B,Improved this term
2428,B,
2429,A,
2430,C,
2431,B,
2432,B,Improved this term
2433,B,Strong effort
2434,A,Strong effort
2435,B,Strong effort
2436,A,
2437,A,Strong effort
2438,B,
2439,B,Improved this term
2440,B,Improved this term
2441,C,Improved this term
2442,A,Improved this term
2443,B,Missing assignments
2444,B,Improved this term
2445,B,
2446,A,
2447,B,
2448,B,Missing assignments
2449,C,
2450,C,Missing assignments
2451,B,Improved this term
2452,B,Missing assignments
2453,B,
2454,A,Improved this term
2455,B,
2456,B,Missing assignments
2457,C,Strong effort
2458,A,Improved this term
2459,D,Strong effort
2460,B,Missing assignments
2461,C,Missing assignments
2462,B,
2463,C,Improved this term
2464,F,Strong effort
2465,A,
2466,C,Missing assignments
2467,C,Strong effort
2468,B,Improved this term
2469,C,Missing assignments
2470,B,
2471,B,Missing assignments
2472,A,
2473,C,
2474,B,
2475,A,
2476,B,
2477,B,Improved this term
2478,B,Missing assignments
2479,C,Improved this term
2480,A,Strong effort
2481,B,
2482,C,
2483,C,Improved this term
2484,A,
2485,A,
2486,C,
2487,B,
2488,B,
2489,D,
2490,A,Strong effort
2491,B,Improved this term
2492,F,Improved this term
2493,B,Strong effort
2494,B,Strong effort
2495,D,Missing assignments
2496,C,
2497,B,
2498,B,Improved this term
2499,A,Strong effort
2500,C,Strong effort
2501,B,Strong effort
2502,A,
2503,B,
2504,D,Improved this term
2505,C,Missing assignments
2506,A,
2507,A,Strong effort
2508,C,Missing assignments
2509,B,
2510,A,Strong effort
2511,D,Improved this term
2512,D,Strong effort
2513,A,
2514,C,Strong effort
2515,C,
2516,B,Missing assignments
2517,B,
2518,B,Strong effort
2519,C,
2520,F,
2521,C,
2522,A,Strong effort
2523,A,
2524,A,Missing assignments
2525,B,
2526,A,Strong effort
2527,C,Missing assignments
2528,C,Strong effort
2529,B,Improved this term
2530,A,
2531,C,
2532,B,
2533,A,Missing assignments
2534,C,
2535,C,Strong effort
2536,C,
2537,B,
2538,C,Improved this term
2539,B,
2540,A,Strong effort
2541,B,Strong effort
2542,D,Missing assignments
2543,B,Missing assignments
2544,B,Strong effort
2545,C,Strong effort
2546,D,Missing assignments
2547,A,Strong effort
2548,A,Improved this term
2549,B,Strong effort
2550,C,Missing assignments
2551,A,
2552,D,
2553,B,
2554,A,Improved this term
2555,C,
2556,D,Improved this term
2557,A,Missing assignments
2558,B,
2559,A,Missing assignments
2560,D,Missing assignments
2561,B,Strong effort
2562,B,Missing assignments
2563,A,Improved this term
2564,B,
2565,C,Improved this term
2566,C,
2567,D,Strong effort
2568,C,
2569,A,Improved this term
2570,A,Missing assignments
2571,B,
2572,B,Improved this term
2573,A,
2574,B,Strong effort
2575,B,
2576,B,
2577,B,
2578,B,
2579,B,
2580,C,Improved this term
2581,A,Missing assignments
2582,C,
2583,B,
2584,A,Missing assignments
2585,A,Improved this term
2586,F,Missing assignments
2587,B,Missing assignments
2588,B,Missing assignments
2589,B,Missing assignments
2590,D,
2591,B,
2592,D,
2593,C,Improved this term
2594,B,Strong effort
2595,A,Strong effort
2596,B,Strong effort
2597,B,Missing assignments
2598,B,Missing assignments
2599,F,
2600,F,Missing assignments
2601,B,Missing assignments
2602,C,
2603,F,
2604,C,Strong effort
2605,B,
2606,D,Improved this term
2607,D,Strong effort
2608,B,Improved this term
2609,A,
2610,B,Strong effort
2611,F,
2612,C,
2613,A,Missing assignments
2614,A,Strong effort
2615,A,Improved this term
2616,A,Strong effort
2617,B,
2618,A,
2619,A,
2620,B,Strong effort
2621,A,Improved this term
2622,C,
2623,A,
2624,B,Strong effort
2625,D,Missing assignments
2626,C,
2627,F,Missing assignments
2628,B,Improved this term
2629,C,Strong effort
2630,C,Strong effort
2631,B,Strong effort
2632,A,
2633,C,
2634,A,Missing assignments
2635,C,Improved this term
2636,A,Missing assignments
2637,A,Strong effort
2638,C,Missing assignments
2639,A,Strong effort
2640,B,
2641,C,Improved this term
2642,A,Strong effort
2643,C,
2644,B,Strong effort
2645,B,
2646,B,
2647,F,Missing assignments
2648,D,Strong effort
2649,A,
2650,B,Missing assignments
2651,B,Strong effort
2652,A,
2653,A,Missing assignments
2654,A,
2655,A,Strong effort
2656,A,
2657,B,
2658,A,Strong effort
2659,C,
2660,A,Missing assignments
2661,A,Strong effort
2662,B,Missing assignments
2663,A,Missing assignments
2664,B,Improved this term
2665,A,Strong effort
2666,A,
2667,A,Improved this term
2668,C,
2669,A,
2670,A,Improved this term
2671,A,
2672,C,
2673,B,Missing assignments
2674,A,Improved this term
2675,C,
2676,C,Strong effort
2677,B,Missing assignments
2678,B,Missing assignments
2679,C,Strong effort
2680,A,Improved this term
2681,D,
2682,F,Missing assignments
2683,B,Strong effort
2684,A,Strong effort
2685,A,Strong effort
2686,F,Strong effort
2687,B,
2688,C,
2689,C,Strong effort
2690,B,Strong effort
2691,C,
2692,C,Missing assignments
2693,A,
2694,C,
2695,A,
2696,C,Improved this term
2697,A,Improved this term
2698,B,
2699,A,
2700,B,Missing assignments
2701,A,
2702,A,
2703,C,
2704,F,Strong effort
2705,A,Missing assignments
2706,C,Missing assignments
2707,A,
2708,B,Strong effort
2709,B,
2710,B,Strong effort
2711,C,Improved this term
2712,D,Strong effort
2713,D,
2714,A,Missing assignments
2715,C,Missing assignments
2716,B,Strong effort
2717,C,Strong effort
2718,B,Strong effort
2719,B,
2720,B,
2721,D,Improved this term
2722,A,
2723,C,
2724,B,Strong effort
2725,C,Missing assignments
2726,A,
2727,A,Strong effort
2728,B,
2729,B,Strong effort
2730,B,Improved this term
2731,A,Strong effort
2732,B,
2733,A,
2734,A,
2735,B,
2736,A,
2737,D,Missing assignments
2738,B,
2739,B,Improved this term
2740,A,
2741,C,
2742,A,Missing assignments
2743,B,
2744,C,
2745,B,Strong effort
2746,D,Strong effort
2747,A,
2748,B,
2749,A,Missing assignments
2750,B,Strong effort
2751,A,Strong effort
2752,B,Missing assignments
2753,B,
2754,C,Improved this term
2755,C,Improved this term
2756,A,Missing assignments
2757,F,
2758,D,Missing assignments
2759,D,
2760,B,
2761,C,Improved this term
2762,A,Strong effort
2763,A,
2764,C,
2765,C,Missing assignments
2766,B,Strong effort
2767,B,Strong effort
2768,C,Missing assignments
2769,B,Improved this term
2770,B,Improved this term
2771,A,
2772,B,Missing assignments
2773,A,
2774,B,
2775,B,Improved this term
2776,A,Strong effort
2777,D,Improved this term
2778,A,Missing assignments
2779,F,Missing assignments
2780,B,Improved this term
2781,B,
2782,C,Strong effort
2783,B,Missing assignments
2784,D,Missing assignments
2785,A,Improved this term
2786,B,
2787,B,Improved this term
2788,A,Missing assignments
2789,C,Improved this term
2790,A,
2791,A,Strong effort
2792,B,Strong effort
2793,A,
2794,D,Strong effort
2795,C,
2796,B,
2797,B,
2798,C,Strong effort
2799,C,
2800,D,Missing assignments
2801,F,
2802,B,
2803,A,Strong effort
2804,B,Missing assignments
2805,D,Strong effort
2806,F,Missing assignments
2807,B,
2808,A,Missing assignments
2809,A,Missing assignments
2810,D,
2811,B,Strong effort
2812,B,
2813,D,Missing assignments
2814,A,
2815,B,Missing assignments
2816,D,Strong effort
2817,C,Improved this term
2818,C,
2819,A,Improved this term
2820,A,Strong effort
2821,C,Strong effort
2822,A,Strong effort
2823,F,Strong effort
2824,B,Improved this term
2825,D,Improved this term
2826,B,Improved this term
2827,B,Strong effort
2828,A,Improved this term
2829,C,Improved this term
2830,B,Strong effort
2831,B,
2832,A,Missing assignments
2833,C,Missing assignments
2834,A,
2835,B,
2836,C,
2837,C,
2838,B,
2839,C,Strong effort
2840,C,Improved this term
2841,A,Improved this term
2842,C,
2843,C,Missing assignments
2844,A,Improved this term
2845,D,Strong effort
2846,C,Missing assignments
2847,A,Improved this term
2848,A,Missing assignments
2849,B,Strong effort
2850,A,Improved this term
2851,C,Strong effort
2852,B,Strong effort
2853,D,Missing assignments
2854,B,Improved this term
2855,A,
2856,B,
2857,B,
2858,F,
2859,B,Improved this term
2860,C,Improved this term
2861,B,Improved this term
2862,B,Improved this term
2863,B,Strong effort
2864,B,Strong effort
2865,A,Strong effort
2866,D,Missing assignments
2867,A,Improved this term
2868,D,Strong effort
2869,B,Strong effort
2870,D,
2871,A,Improved this term
2872,D,Improved this term
2873,C,
2874,A,Improved this term
2875,C,Missing assignments
2876,C,
2877,B,
2878,B,Improved this term
2879,A,Missing assignments
2880,C,
2881,A,Missing assignments
2882,B,
2883,B,Missing assignments
2884,D,
2885,B,
2886,A,Missing assignments
2887,B,Strong effort
2888,C,Missing assignments
2889,A,
2890,A,Missing assignments
2891,D,Missing assignments
2892,C,Missing assignments
2893,B,Improved this term
2894,C,Improved this term
2895,B,
2896,B,Missing assignments
2897,C,Missing assignments
2898,B,
2899,A,
2900,B,Strong effort
2901,F,
2902,C,Improved this term
2903,B,
2904,C,Missing assignments
2905,D,
2906,B,Strong effort
2907,A,Missing assignments
2908,C,
2909,F,
2910,A,Missing assignments
2911,F,
2912,C,Improved this term
2913,B,Missing assignments
2914,A,Improved this term
2915,B,
2916,A,Strong effort
2917,B,Improved this term
2918,B,
2919,C,
2920,B,
2921,D,Improved this term
2922,A,Missing assignments
2923,B,
2924,B,
2925,A,
2926,A,Missing assignments
2927,B,Missing assignments
2928,B,
2929,A,
2930,A,
2931,A,
2932,B,
2933,B,
2934,B,
2935,B,
2936,D,
2937,B,Missing assignments
2938,D,Improved this term
2939,A,Improved this term
2940,C,Improved this term
2941,B,Strong effort
2942,B,Missing assignments
2943,B,
2944,B,
2945,A,
2946,A,
2947,F,Improved this term
2948,B,Strong effort
2949,C,Improved this term
2950,B,Strong effort
2951,D,Missing assignments
2952,F,
2953,A,Improved this term
2954,C,
2955,A,Improved this term
2956,F,Strong effort
2957,B,
2958,A,
2959,C,Strong effort
2960,A,Missing assignments
2961,D,
2962,B,Improved this term
2963,B,
2964,D,
2965,B,Strong effort
2966,B,
2967,D,
2968,C,
2969,D,Improved this term
2970,A,
2971,B,Improved this term
2972,B,Missing assignments
2973,C,Missing assignments
2974,C,
2975,C,
2976,A,
2977,A,Improved this term
2978,C,
2979,B,Strong effort
2980,B,
2981,D,Strong effort
2982,B,Strong effort
2983,C,
2984,D,
2985,A,Improved this term
2986,B,Missing assignments
2987,B,Strong effort
2988,A,
2989,B,Improved this term
2990,F,Improved this term
2991,F,Strong effort
2992,C,
2993,D,Strong effort
2994,A,
2995,D,
2996,A,Missing assignments
2997,D,Missing assignments
2998,C,
2999,C,Improved this term
3000,F,
3001,A,Missing assignments
3002,B,
3003,B,Improved this term
3004,B,Missing assignments
3005,B,Improved this term
3006,D,Missing assignments
3007,B,Missing assignments
3008,F,
3009,A,Improved this term
3010,B,Improved this term
3011,D,
3012,C,
3013,A,Missing assignments
3014,B,Missing assignments
3015,D,Missing assignments
3016,C,Strong effort
3017,D,Missing assignments
3018,D,Improved this term
3019,B,Strong effort
3020,B,
3021,A,
3022,A,
3023,D,
3024,C,Missing assignments
3025,A,
3026,A,Missing assignments
3027,A,Strong effort
3028,B,
3029,B,
3030,C,Strong effort
3031,B,
3032,A,Strong effort
3033,C,Improved this term
3034,B,
3035,A,
3036,B,
3037,A,
3038,A,
3039,C,
3040,A,
3041,A,
3042,B,Strong effort
3043,C,
3044,B,Improved this term
3045,A,Improved this term
3046,B,
3047,B,Improved this term
3048,C,Missing assignments
3049,A,Strong effort
3050,A,Missing assignments
3051,A,Missing assignments
3052,A,Improved this term
3053,B,Improved this term
3054,B,Missing assignments
3055,B,Missing assignments
3056,A,Strong effort
3057,A,
3058,C,
3059,B,Strong effort
3060,D,
3061,C,
3062,D,Missing assignments
3063,D,
3064,B,Improved this term
3065,A,Strong effort
3066,B,
3067,A,Missing assignments
3068,D,Missing assignments
3069,A,Missing assignments
3070,C,Missing assignments
3071,B,
3072,C,Strong effort
3073,C,
3074,C,Strong effort
3075,B,Improved this term
3076,C,Improved this term
3077,C,Strong effort
3078,C,Improved this term
3079,A,
3080,B,Strong effort
3081,C,Strong effort
3082,C,Improved this term
3083,A,Improved this term
3084,B,Improved this term
3085,B,
3086,A,Missing assignments
3087,B,Missing assignments
3088,A,Missing assignments
3089,C,Improved this term
3090,B,Strong effort
3091,B,Missing assignments
3092,A,
3093,B,Strong effort
3094,C,Improved this term
3095,B,Strong effort
3096,B,
3097,C,Strong effort
3098,A,
3099,B,
3100,D,Strong effort
3101,B,
3102,C,
3103,B,Strong effort
3104,A,Missing assignments
3105,B,
3106,A,Missing assignments
3107,A,
3108,B,Missing assignments
3109,F,
3110,D,Missing assignments
3111,A,
3112,B,Improved this term
3113,A,Missing assignments
3114,B,
3115,B,Missing assignments
3116,D,
3117,B,
3118,A,Strong effort
3119,A,
3120,B,Improved this term
3121,C,Missing assignments
3122,C,
3123,C,
3124,B,Strong effort
3125,C,
3126,B,Missing assignments
3127,C,Missing assignments
3128,C,Missing assignments
3129,A,
3130,A,Improved this term
3131,B,Improved this term
3132,C,Improved this term
3133,A,
3134,C,
3135,D,Strong effort
3136,B,
3137,B,
3138,A,Improved this term
3139,B,
3140,A,
3141,B,Improved this term
3142,D,Improved this term
3143,B,
3144,B,
3145,B,
3146,A,Improved this term
3147,B,
3148,B,Strong effort
3149,A,
3150,F,Missing assignments
3151,C,Missing assignments
3152,B,Strong effort
3153,C,
3154,B,Strong effort
3155,B,Improved this term
3156,C,
3157,A,Improved this term
3158,B,
3159,C,Strong effort
3160,B,
3161,A,Strong effort
3162,B,Missing assignments
3163,B,Improved this term
3164,A,
3165,A,Improved this term
3166,B,Missing assignments
3167,B,
3168,C,
3169,F,
3170,B,
3171,D,Strong effort
3172,C,Strong effort
3173,C,
3174,C,Missing assignments
3175,B,
3176,A,
3177,A,Improved this term
3178,C,Strong effort
3179,A,Missing assignments
3180,F,Improved this term
3181,B,
3182,B,
3183,F,Missing assignments
3184,B,
3185,A,Missing assignments
3186,C,
3187,A,
3188,D,Improved this term
3189,B,Improved this term
3190,A,
3191,A,Improved this term
3192,B,Improved this term
3193,B,Strong effort
3194,A,Improved this term
3195,B,
3196,A,
3197,A,
3198,B,Missing assignments
3199,B,Improved this term
3200,C,
3201,A,
3202,A,
3203,D,
3204,C,
3205,B,Missing assignments
3206,B,Strong effort
3207,D,Missing assignments
3208,B,Missing assignments
3209,C,Improved this term
3210,F,Strong effort
3211,A,Strong effort
3212,B,
3213,A,Missing assignments
3214,C,Strong effort
3215,D,
3216,A,Improved this term
3217,B,Improved this term
3218,A,Strong effort
3219,D,Improved this term
3220,C,Missing assignments
3221,B,
3222,D,Improved this term
3223,F,Improved this term
3224,F,
3225,D,
3226,B,Missing assignments
3227,B,
3228,B,Improved this term
3229,D,Missing assignments
3230,B,Missing assignments
3231,A,Strong effort
3232,A,Missing assignments
3233,B,
3234,B,
3235,F,
3236,A,
3237,B,Improved this term
3238,A,
3239,B,Strong effort
3240,D,Missing assignments
3241,A,
3242,B,Improved this term
3243,B,
3244,B,Improved this term
3245,A,Missing assignments
3246,D,
3247,B,
3248,C,Strong effort
3249,C,Missing assignments
3250,B,
3251,C,
3252,A,
3253,D,
3254,B,Improved this term
3255,D,
3256,F,Improved this term
3257,A,
3258,A,Strong effort
3259,B,Strong effort
3260,B,Missing assignments
3261,B,Strong effort
3262,A,Missing assignments
3263,D,
3264,A,Improved this term
3265,D,Missing assignments
3266,A,Missing assignments
3267,C,Missing assignments
3268,B,Strong effort
3269,B,Strong effort
3270,A,Strong effort
3271,B,Strong effort
3272,B,
3273,F,
3274,C,Improved this term
3275,B,Improved this term
3276,B,Improved this term
3277,A,Missing assignments
3278,A,Missing assignments
3279,B,Strong effort
3280,C,Improved this term
3281,F,Improved this term
3282,A,Strong effort
3283,A,
3284,D,
3285,B,
3286,A,Missing assignments
3287,B,
3288,A,
3289,C,Strong effort
3290,B,Strong effort
3291,D,Missing assignments
3292,C,Missing assignments
3293,B,
3294,C,
3295,A,
3296,A,
3297,B,
3298,D,Improved this term
3299,D,
3300,B,Missing assignments
3301,B,Improved this term
3302,A,
3303,B,
3304,B,Missing assignments
3305,A,
3306,A,Missing assignments
3307,B,
3308,B,
3309,A,Strong effort
3310,A,
3311,C,
3312,A,
3313,A,Improved this term
3314,B,
3315,A,Improved this term
3316,B,Improved this term
3317,A,Missing assignments
3318,F,
3319,B,Strong effort
3320,B,Strong effort
3321,A,Missing assignments
3322,A,Strong effort
3323,B,
3324,A,
3325,B,
3326,C,
3327,B,
3328,A,Improved this term
3329,C,Missing assignments
3330,D,Missing assignments
3331,B,Strong effort
3332,B,Missing assignments
3333,A,Improved this term
3334,B,Strong effort
3335,A,
3336,C,
3337,B,Strong effort
3338,B,
3339,A,
3340,D,
3341,B,Improved this term
3342,C,
3343,A,
3344,B,Strong effort
3345,A,Strong effort
3346,B,Missing assignments
3347,A,
3348,B,Strong effort
3349,A,
3350,B,Strong effort
3351,D,Missing assignments
3352,A,
3353,A,Missing assignments
3354,B,Missing assignments
3355,A,Strong effort
3356,C,
3357,A,
3358,C,
3359,B,
3360,A,
3361,C,Missing assignments
3362,D,
3363,A,Strong effort
3364,C,Strong effort
3365,F,Missing assignments
3366,B,Strong effort
3367,D,Improved this term
3368,C,Improved this term
3369,C,
3370,B,
3371,D,Missing assignments
3372,B,
3373,C,Improved this term
3374,B,Improved this term
3375,C,
3376,A,
3377,A,Improved this term
3378,B,Missing assignments
3379,B,Improved this term
3380,C,Missing assignments
3381,B,
3382,B,Strong effort
3383,A,Improved this term
3384,D,Improved this term
3385,F,Improved this term
3386,C,Improved this term
3387,B,Missing assignments
3388,B,Improved this term
3389,C,Missing assignments
3390,D,
3391,A,Strong effort
3392,C,Missing assignments
3393,A,
3394,A,Strong effort
3395,A,Improved this term
3396,A,Improved this term
3397,F,Strong effort
3398,A,Missing assignments
3399,A,
3400,D,Improved this term
3401,B,Improved this term
3402,B,
3403,A,Improved this term
3404,C,
3405,D,
3406,D,
3407,A,
3408,A,Missing assignments
3409,A,
3410,B,Missing assignments
3411,C,
3412,B,Missing assignments
3413,A,
3414,B,Improved this term
3415,A,Improved this term
3416,B,Improved this term
3417,C,Strong effort
3418,C,Strong effort
3419,C,Missing assignments
3420,D,
3421,D,Missing assignments
3422,B,
3423,A,
3424,B,
3425,D,Strong effort
3426,B,Improved this term
3427,C,Missing assignments
3428,A,
3429,B,
3430,D,
3431,A,Strong effort
3432,A,
3433,B,
3434,A,
3435,D,Missing assignments
3436,C,
3437,B,Missing assignments
3438,A,Improved this term
3439,C,Strong effort
3440,D,
3441,B,
3442,C,Improved this term
3443,B,Improved this term
3444,B,Improved this term
3445,A,
3446,B,Strong effort
3447,B,
3448,A,Improved this term
3449,A,
3450,B,Strong effort
3451,C,Missing assignments
3452,A,
3453,B,Missing assignments
3454,A,Improved this term
3455,A,Improved this term
3456,F,
3457,B,
3458,B,Missing assignments
3459,A,Improved this term
3460,A,Strong effort
3461,B,
3462,B,
3463,C,Missing assignments
3464,B,
3465,A,
3466,C,
3467,B,Strong effort
3468,D,Strong effort
3469,B,
3470,B,Missing assignments
3471,A,Improved this term
3472,B,
3473,A,Missing assignments
3474,A,
3475,D,
3476,A,Missing assignments
3477,B,Improved this term
3478,A,
3479,D,Missing assignments
3480,F,
3481,A,Improved this term
3482,A,Missing assignments
3483,A,
3484,A,
3485,C,Missing assignments
3486,A,Strong effort
3487,B,Improved this term
3488,A,Strong effort
3489,A,Improved this term
3490,C,
3491,B,Strong effort
3492,B,Improved this term
3493,B,Strong effort
3494,D,
3495,A,Improved this term
3496,D,Missing assignments
3497,F,Missing assignments
3498,C,
3499,A,Strong effort
3500,A,
3501,B,Missing assignments
3502,C,
3503,C,Missing assignments
3504,A,
3505,C,
3506,C,
3507,A,Improved this term
3508,A,Strong effort
3509,D,
3510,B,Strong effort
3511,C,
3512,B,
3513,C,Strong effort
3514,B,Strong effort
3515,C,Missing assignments
3516,A,
3517,F,
3518,A,Strong effort
3519,C,
3520,B,Improved this term
3521,B,Improved this term
3522,F,Missing assignments
3523,A,Strong effort
3524,B,Improved this term
3525,D,Improved this term
3526,B,Missing assignments
3527,C,Strong effort
3528,A,
3529,C,
3530,C,
3531,A,
3532,B,
3533,A,Missing assignments
3534,A,
3535,C,Missing assignments
3536,C,Missing assignments
3537,C,
3538,B,Strong effort
3539,C,
3540,B,
3541,B,Missing assignments
3542,A,Improved this term
3543,D,Strong effort
3544,A,
3545,C,Missing assignments
3546,B,
3547,D,Strong effort
3548,B,Improved this term
3549,D,Missing assignments
3550,A,
3551,B,Improved this term
3552,A,Strong effort
3553,A,
3554,B,Missing assignments
3555,F,Improved this term
3556,A,
3557,D,
3558,C,Improved this term
3559,B,
3560,A,
3561,B,
3562,B,
3563,B,
3564,B,
3565,C,
3566,B,Strong effort
3567,B,Missing assignments
3568,A,Improved this term
3569,B,Strong effort
3570,C,Strong effort
3571,B,Strong effort
3572,A,
3573,A,Improved this term
3574,B,
3575,C,Missing assignments
3576,B,
3577,B,
3578,C,Improved this term
3579,B,Improved this term
3580,A,
3581,B,
3582,C,Missing assignments
3583,A,
3584,B,Improved this term
3585,A,
3586,A,Improved this term
3587,B,Strong effort
3588,D,
3589,C,Improved this term
3590,C,Strong effort
3591,A,
3592,D,Strong effort
3593,B,Improved this term
3594,B,Missing assignments
3595,D,Improved this term
3596,B,Strong effort
3597,F,Improved this term
3598,A,Missing assignments
3599,B,Missing assignments
3600,B,
3601,A,Strong effort
3602,B,Improved this term
3603,B,
3604,B,Improved this term
3605,B,Improved this term
3606,A,Improved this term
3607,F,
3608,A,Strong effort
3609,A,Improved this term
3610,D,Improved this term
3611,F,
3612,A,Missing assignments
3613,B,Strong effort
3614,A,
3615,B,
3616,B,
3617,A,Missing assignments
3618,A,Missing assignments
3619,B,
3620,A,Improved this term
3621,A,Missing assignments
3622,A,
3623,A,Strong effort
3624,B,
3625,F,
3626,A,
3627,B,
3628,B,Improved this term
3629,A,
3630,B,Strong effort
3631,F,Strong effort
3632,B,
3633,C,Improved this term
3634,B,Missing assignments
3635,B,Improved this term
3636,A,
3637,C,Missing assignments
3638,B,Improved this term
3639,B,Missing assignments
3640,A,Missing assignments
3641,C,Improved this term
3642,B,Improved this term
3643,C,Strong effort
3644,D,Strong effort
3645,C,Strong effort
3646,A,Missing assignments
3647,C,Missing assignments
3648,B,Improved this term
3649,B,Improved this term
3650,B,
3651,C,Strong effort
3652,A,Missing assignments
3653,C,Strong effort
3654,B,
3655,B,Strong effort
3656,A,Strong effort
3657,A,Missing assignments
3658,D,Improved this term
3659,A,Improved this term
3660,C,Strong effort
3661,C,
3662,A,
3663,C,Strong effort
3664,C,
3665,C,Improved this term
3666,B,Missing assignments
3667,C,
3668,B,Missing assignments
3669,C,Strong effort
3670,A,
3671,D,
3672,D,Missing assignments
3673,B,
3674,B,
3675,A,
3676,A,Strong effort
3677,A,Strong effort
3678,B,
3679,A,Missing assignments
3680,C,
3681,B,
3682,D,Strong effort
3683,C,Improved this term
3684,B,
3685,A,Strong effort
3686,C,
3687,A,
3688,C,
3689,B,
3690,C,
3691,B,Improved this term
3692,D,
3693,B,
3694,D,
3695,B,
3696,C,Strong effort
3697,C,Strong effort
3698,F,Improved this term
3699,A,
3700,D,Strong effort
3701,A,
3702,C,
3703,D,Missing assignments
3704,C,Missing assignments
3705,C,Improved this term
3706,B,Improved this term
3707,C,Improved this term
3708,B,Strong effort
3709,B,Missing assignments
3710,B,Missing assignments
3711,B,Strong effort
3712,B,Missing assignments
3713,B,Strong effort
3714,B,Missing assignments
3715,B,
3716,D,Missing assignments
3717,B,
3718,C,
3719,A,
3720,A,Strong effort
3721,B,Strong effort
3722,B,
3723,B,Strong effort
3724,A,Missing assignments
3725,D,
3726,B,Strong effort
3727,A,Improved this term
3728,A,
3729,B,Strong effort
3730,B,
3731,B,
3732,B,
3733,B,Improved this term
3734,A,Improved this term
3735,D,Missing assignments
3736,A,Strong effort
3737,B,
3738,B,Improved this term
3739,B,
3740,B,Improved this term
3741,B,
3742,C,Improved this term
3743,B,
3744,C,Missing assignments
3745,F,Strong effort
3746,B,Improved this term
3747,A,
3748,B,Improved this term
3749,B,Strong effort
3750,B,
3751,B,Strong effort
3752,B,Strong effort
3753,A,Strong effort
3754,B,Missing assignments
3755,C,Strong effort
3756,F,Missing assignments
3757,B,Strong effort
3758,C,Improved this term
3759,C,Missing assignments
3760,A,Strong effort
3761,B,
3762,A,Strong effort
3763,A,Improved this term
3764,C,Improved this term
3765,C,
3766,B,Missing assignments
3767,D,
3768,B,Improved this term
3769,A,Strong effort
3770,A,
3771,D,Missing assignments
3772,A,Improved this term
3773,B,
3774,A,Strong effort
3775,A,Improved this term
3776,F,Missing assignments
3777,D,Improved this term
3778,A,Strong effort
3779,A,
3780,B,Improved this term
3781,A,Strong effort
3782,B,Improved this term
3783,F,Missing assignments
3784,C,Missing assignments
3785,C,Missing assignments
3786,A,
3787,A,
3788,A,Missing assignments
3789,B,Missing assignments
3790,A,
3791,C,Missing assignments
3792,A,
3793,B,
3794,B,
3795,A,Strong effort
3796,C,Improved this term
3797,A,
3798,A,
3799,D,
3800,B,Strong effort
3801,D,Improved this term
3802,B,Missing assignments
3803,D,Missing assignments
3804,B,
3805,B,
3806,B,
3807,A,
3808,B,Improved this term
3809,B,
3810,B,
3811,B,Missing assignments
3812,B,
3813,C,Strong effort
3814,B,Strong effort
3815,A,
3816,F,Missing assignments
3817,A,
3818,B,Strong effort
3819,C,Strong effort
3820,B,Improved this term
3821,B,Improved this term
3822,A,
3823,A,Improved this term
3824,C,Improved this term
3825,B,
3826,C,
3827,C,
3828,C,Missing assignments
3829,B,
3830,F,
3831,B,Strong effort
3832,B,Improved this term
3833,C,Improved this term
3834,B,Missing assignments
3835,A,
3836,B,Improved this term
3837,C,
3838,B,Improved this term
3839,B,Missing assignments
3840,A,Missing assignments
3841,B,Improved this term
3842,A,Improved this term
3843,A,Strong effort
3844,B,
3845,B,Improved this term
3846,B,Improved this term
3847,B,Improved this term
3848,B,Strong effort
3849,B,
3850,B,
3851,B,
3852,A,Missing assignments
3853,A,Strong effort
3854,A,Improved this term
3855,D,Missing assignments
3856,C,Improved this term
3857,C,
3858,A,
3859,C,Improved this term
3860,C,Strong effort
3861,C,
3862,A,Improved this term
3863,B,Improved this term
3864,B,Missing assignments
3865,A,Strong effort
3866,F,Improved this term
3867,B,
3868,B,Missing assignments
3869,D,Strong effort
3870,A,Strong effort
3871,F,Improved this term
3872,A,Strong effort
3873,B,Missing assignments
3874,A,Improved this term
3875,D,Strong effort
3876,B,Missing assignments
3877,C,
3878,B,Strong effort
3879,B,
3880,A,Improved this term
3881,B,
3882,B,Strong effort
3883,A,
3884,A,Missing assignments
3885,A,
3886,B,Missing assignments
3887,C,Strong effort
3888,C,Strong effort
3889,A,Improved this term
3890,B,
3891,A,Missing assignments
3892,A,Improved this term
3893,B,Strong effort
3894,C,
3895,A,Missing assignments
3896,D,
3897,B,Strong effort
3898,B,Improved this term
3899,F,
3900,B,Strong effort
3901,B,
3902,A,
3903,C,Strong effort
3904,C,
3905,A,Improved this term
3906,A,
3907,A,
3908,C,
3909,A,
3910,C,
3911,B,Improved this term
3912,C,Strong effort
3913,B,
3914,A,Missing assignments
3915,C,
3916,B,Strong effort
3917,B,Strong effort
3918,B,
3919,C,Improved this term
3920,C,Improved this term
3921,D,
3922,B,Improved this term
3923,F,
3924,B,Strong effort
3925,A,
3926,A,Improved this term
3927,B,Strong effort
3928,B,Strong effort
3929,D,
3930,A,Strong effort
3931,A,Missing assignments
3932,B,
3933,A,Missing assignments
3934,B,Missing assignments
3935,B,Missing assignments
3936,C,
3937,A,
3938,B,
3939,C,
3940,B,Improved this term
3941,A,
3942,B,
3943,A,
3944,A,Strong effort
3945,C,
3946,B,Improved this term
3947,A,
3948,B,Missing assignments
3949,B,
3950,B,Improved this term
3951,A,Strong effort
3952,B,Strong effort
3953,D,
3954,B,
3955,C,
3956,B,
3957,A,
3958,B,
3959,B,Improved this term
3960,B,
3961,C,Missing assignments
3962,A,Strong effort
3963,C,
3964,C,Improved this term
3965,A,Missing assignments
3966,A,Strong effort
3967,B,Strong effort
3968,B,Strong effort
3969,C,Strong effort
3970,B,Strong effort
3971,C,Missing assignments
3972,C,Improved this term
3973,C,Strong effort
3974,C,Strong effort
3975,A,
3976,B,Missing assignments
3977,B,Improved this term
3978,B,
3979,D,Strong effort
3980,A,Strong effort
3981,C,
3982,B,Improved this term
3983,B,Strong effort
3984,B,
3985,C,Strong effort
3986,F,
3987,A,Missing assignments
3988,B,
3989,B,Missing assignments
3990,A,Strong effort
3991,C,
3992,A,Strong effort
3993,B,Missing assignments
3994,C,Improved this term
3995,C,
3996,A,Missing assignments
3997,B,Missing assignments
3998,A,Missing assignments
3999,B,Missing assignments
4000,B,Strong effort
4001,D,
4002,D,
4003,B,Improved this term
4004,B,
4005,C,
4006,A,
4007,B,Missing assignments
4008,A,
4009,B,
4010,C,Missing assignments
4011,C,Strong effort
4012,D,
4013,A,
4014,B,Strong effort
4015,A,Strong effort
4016,C,
4017,A,
4018,F,
4019,C,
4020,C,Strong effort
4021,D,Improved this term
4022,B,Strong effort
4023,A,
4024,B,Improved this term
4025,A,Improved this term
4026,C,
4027,C,
4028,C,
4029,D,Missing assignments
4030,C,
4031,A,Missing assignments
4032,B,Improved this term
4033,C,Improved this term
4034,A,Missing assignments
4035,A,
4036,C,
4037,C,
4038,C,Strong effort
4039,A,Improved this term
4040,A,
4041,A,Strong effort
4042,B,Improved this term
4043,A,Improved this term
4044,B,Strong effort
4045,A,
4046,F,Improved this term
4047,C,
4048,D,Improved this term
4049,D,
4050,A,
4051,A,Strong effort
4052,B,Missing assignments
4053,D,
4054,C,
4055,B,
4056,A,Improved this term
4057,B,
4058,C,
4059,A,
4060,C,
4061,C,
4062,D,
4063,D,Improved this term
4064,A,
4065,B,
4066,D,Missing assignments
4067,A,Missing assignments
4068,C,
4069,F,Missing assignments
4070,C,Improved this term
4071,D,Improved this term
4072,F,Improved this term
4073,B,
4074,B,Strong effort
4075,B,Improved this term
4076,B,
4077,B,
4078,C,Strong effort
4079,B,
4080,A,Strong effort
4081,F,
4082,B,Missing assignments
4083,B,Improved this term
4084,D,Improved this term
4085,A,Missing assignments
4086,B,
4087,B,
4088,B,Improved this term
4089,B,Improved this term
4090,C,Strong effort
4091,B,Strong effort
4092,B,Missing assignments
4093,C,
4094,C,
4095,A,
4096,A,Strong effort
4097,D,Strong effort
4098,B,Improved this term
4099,A,Missing assignments
4100,F,Improved this term
4101,A,Missing assignments
4102,D,Strong effort
4103,A,Missing assignments
4104,A,
4105,F,
4106,C,Missing assignments
4107,D,
4108,C,
4109,A,
4110,B,
4111,A,Missing assignments
4112,C,Strong effort
4113,B,Improved this term
4114,D,Missing assignments
4115,C,
4116,C,Improved this term
4117,B,Improved this term
4118,A,Missing assignments
4119,C,Strong effort
4120,A,Missing assignments
4121,A,
4122,B,
4123,B,Strong effort
4124,B,
4125,A,Strong effort
4126,B,Missing assignments
4127,B,Missing assignments
4128,A,Improved this term
4129,A,Missing assignments
4130,C,Improved this term
4131,B,Improved this term
4132,B,Strong effort
4133,B,
4134,A,Strong effort
4135,A,Strong effort
4136,D,Strong effort
4137,A,Strong effort
4138,D,Missing assignments
4139,A,
4140,A,Improved this term
4141,B,
4142,B,
4143,C,Missing assignments
4144,B,Strong effort
4145,B,Strong effort
4146,D,Improved this term
4147,A,Missing assignments
4148,B,
4149,B,Strong effort
4150,C,Improved this term
4151,A,
4152,A,Strong effort
4153,D,
4154,B,Improved this term
4155,B,Missing assignments
4156,A,
4157,A,
4158,C,Improved this term
4159,C,Improved this term
4160,A,Missing assignments
4161,B,Improved this term
4162,D,
4163,C,Missing assignments
4164,B,Improved this term
4165,D,Missing assignments
4166,B,
4167,C,
4168,F,
4169,A,Missing assignments
4170,B,Strong effort
4171,B,Strong effort
4172,F,Missing assignments
4173,D,
4174,C,
4175,A,Missing assignments
4176,A,
4177,C,
4178,C,Strong effort
4179,B,
4180,C,Strong effort
4181,A,
4182,B,Missing assignments
4183,B,
4184,C,
4185,C,Improved this term
4186,A,Improved this term
4187,D,Improved this term
4188,A,Strong effort
4189,A,
4190,A,
4191,C,Improved this term
4192,B,Strong effort
4193,B,Improved this term
4194,B,
4195,C,Improved this term
4196,D,Missing assignments
4197,B,
4198,C,Improved this term
4199,C,
4200,C,Missing assignments
4201,D,
4202,B,
4203,B,
4204,A,Strong effort
4205,C,Missing assignments
4206,B,Strong effort
4207,C,
4208,A,Missing assignments
4209,B,Strong effort
4210,D,Strong effort
4211,B,Improved this term
4212,C,
4213,A,Improved this term
4214,A,
4215,C,Strong effort
4216,A,Strong effort
4217,B,Strong effort
4218,A,
4219,A,Improved this term
4220,D,Strong effort
4221,F,
4222,B,
4223,A,
4224,A,Improved this term
4225,B,
4226,A,
4227,A,Strong effort
4228,C,Improved this term
4229,C,
4230,C,
4231,A,
4232,B,Improved this term
4233,D,Missing assignments
4234,C,
4235,B,
4236,B,Improved this term
4237,A,Strong effort
4238,B,
4239,B,
4240,B,Missing assignments
4241,B,Improved this term
4242,B,
4243,C,Improved this term
4244,A,
4245,F,Missing assignments
4246,A,Missing assignments
4247,C,
4248,B,
4249,B,Improved this term
4250,D,Missing assignments
4251,B,Strong effort
4252,D,Strong effort
4253,A,Strong effort
4254,A,Missing assignments
4255,A,Missing assignments
4256,A,Missing assignments
4257,C,Strong effort
4258,A,Strong effort
4259,B,Strong effort
4260,B,
4261,A,Strong effort
4262,A,Missing assignments
4263,A,
4264,B,Improved this term
4265,B,Missing assignments
4266,A,
4267,A,
4268,D,
4269,C,
4270,A,Improved this term
4271,C,
4272,A,Missing assignments
4273,D,Missing assignments
4274,B,Improved this term
4275,C,Strong effort
4276,C,Missing assignments
4277,C,Missing assignments
4278,B,
4279,C,Improved this term
4280,A,
4281,B,
4282,B,
4283,B,
4284,C,Improved this term
4285,B,
4286,C,Strong effort
4287,D,
4288,C,Strong effort
4289,F,Improved this term
4290,B,Strong effort
4291,D,
4292,A,
4293,C,Strong effort
4294,B,Improved this term
4295,B,
4296,B,Missing assignments
4297,C,Missing assignments
4298,A,Missing assignments
4299,D,Improved this term
4300,A,Strong effort
4301,D,Strong effort
4302,B,Improved this term
4303,C,Improved this term
4304,C,Missing assignments
4305,C,
4306,D,Improved this term
4307,C,Strong effort
4308,C,
4309,A,
4310,D,Improved this term
4311,B,
4312,C,
4313,A,Strong effort
4314,C,
4315,A,
4316,C,Strong effort
4317,C,
4318,B,Missing assignments
4319,A,Improved this term
4320,B,Strong effort
4321,B,Strong effort
4322,B,
4323,A,
4324,C,
4325,A,Improved this term
4326,C,Improved this term
4327,A,
4328,B,Strong effort
4329,C,Missing assignments
4330,B,
4331,B,
4332,A,
4333,A,Improved this term
4334,A,
4335,B,Improved this term
4336,C,Missing assignments
4337,A,
4338,A,
4339,B,
4340,B,Strong effort
4341,C,Strong effort
4342,C,Improved this term
4343,D,
4344,B,
4345,A,Missing assignments
4346,F,
4347,A,Missing assignments
4348,A,
4349,A,Improved this term
4350,C,
4351,B,Strong effort
4352,C,Improved this term
4353,A,Strong effort
4354,B,
4355,A,
4356,A,Missing assignments
4357,A,Improved this term
4358,B,Missing assignments
4359,A,Improved this term
4360,B,Missing assignments
4361,C,Strong effort
4362,B,Strong effort
4363,B,
4364,B,Improved this term
4365,A,
4366,A,
4367,B,
4368,B,Missing assignments
4369,A,
4370,D,Missing assignments
4371,A,Missing assignments
4372,B,Missing assignments
4373,A,
4374,D,
4375,A,Missing assignments
4376,D,Missing assignments
4377,C,Strong effort
4378,C,
4379,A,Missing assignments
4380,A,
4381,A,Improved this term
4382,D,Missing assignments
4383,B,
4384,A,Strong effort
4385,C,
4386,B,
4387,F,
4388,F,Strong effort
4389,C,
4390,B,
4391,B,Missing assignments
4392,B,
4393,B,
4394,C,Improved this term
4395,B,Strong effort
4396,C,Missing assignments
4397,B,Missing assignments
4398,D,Improved this term
4399,C,
4400,B,Strong effort
4401,A,
4402,D,Improved this term
4403,B,
4404,C,Missing assignments
4405,D,Improved this term
4406,F,
4407,C,Improved this term
4408,C,Missing assignments
4409,B,
4410,B,Improved this term
4411,B,
4412,A,
4413,C,
4414,A,Strong effort
4415,B,Missing assignments
4416,B,
4417,C,Improved this term
4418,C,Strong effort
4419,C,
4420,B,
4421,D,Strong effort
4422,C,Improved this term
4423,B,
4424,A,Missing assignments
4425,B,
4426,B,
4427,A,Missing assignments
4428,D,Strong effort
4429,A,Missing assignments
4430,A,
4431,B,Improved this term
4432,A,Strong effort
4433,C,Improved this term
4434,C,Strong effort
4435,C,Improved this term
4436,C,Strong effort
4437,A,Strong effort
4438,A,
4439,D,
4440,F,
4441,B,
4442,C,
4443,A,
4444,B,Strong effort
4445,B,Strong effort
4446,D,Missing assignments
4447,B,
4448,C,
4449,B,Strong effort
4450,C,Missing assignments
4451,A,Missing assignments
4452,C,Missing assignments
4453,D,
4454,B,Missing assignments
4455,C,
4456,A,Strong effort
4457,A,Improved this term
4458,C,
4459,B,Missing assignments
4460,C,Improved this term
4461,C,Missing assignments
4462,C,Missing assignments
4463,A,Improved this term
4464,A,Strong effort
4465,B,Missing assignments
4466,C,
4467,A,Strong effort
4468,C,Improved this term
4469,B,Strong effort
4470,D,
4471,C,Missing assignments
4472,B,Strong effort
4473,B,Improved this term
4474,A,
4475,A,Missing assignments
4476,A,
4477,C,Missing assignments
4478,A,Missing assignments
4479,A,
4480,C,Improved this term
4481,B,Missing assignments
4482,F,
4483,B,Strong effort
4484,A,
4485,A,
4486,A,Strong effort
4487,A,Missing assignments
4488,B,
4489,D,Strong effort
4490,C,
4491,A,Improved this term
4492,C,Improved this term
4493,D,
4494,B,
4495,A,Improved this term
4496,C,Improved this term
4497,A,Strong effort
4498,C,Strong effort
4499,C,Strong effort
4500,A,Strong effort
4501,B,Strong effort
4502,B,
4503,A,
4504,D,
4505,D,
4506,B,
4507,B,Strong effort
4508,B,Strong effort
4509,B,Strong effort
4510,A,
4511,D,Strong effort
4512,B,Missing assignments
4513,A,Improved this term
4514,C,Strong effort
4515,B,Missing assignments
4516,B,Missing assignments
4517,C,
4518,B,
4519,B,
4520,A,Strong effort
4521,B,
4522,C,Improved this term
4523,B,Improved this term
4524,B,Missing assignments
4525,B,
4526,B,Improved this term
4527,C,Improved this term
4528,B,Missing assignments
4529,A,
4530,B,Improved this term
4531,A,
4532,C,
4533,B,Strong effort
4534,C,Improved this term
4535,B,Strong effort
4536,C,Strong effort
4537,D,
4538,F,
4539,B,Strong effort
4540,C,
4541,B,Missing assignments
4542,B,
4543,B,
4544,B,Missing assignments
4545,C,Improved this term
4546,B,
4547,D,
4548,C,Improved this term
4549,B,Improved this term
4550,C,Improved this term
4551,C,Improved this term
4552,C,
4553,B,Strong effort
4554,A,Improved this term
4555,C,
4556,A,
4557,B,Improved this term
4558,A,
4559,B,Improved this term
4560,C,Strong effort
4561,B,Strong effort
4562,F,Strong effort
4563,A,
4564,D,Missing assignments
4565,C,Strong effort
4566,A,
4567,A,Strong effort
4568,D,Strong effort
4569,C,Improved this term
4570,A,Missing assignments
4571,A,Improved this term
4572,B,Strong effort
4573,A,Missing assignments
4574,C,
4575,C,
4576,C,
4577,B,Improved this term
4578,B,
4579,A,Missing assignments
4580,A,
4581,B,
4582,B,
4583,B,
4584,C,Strong effort
4585,A,
4586,A,
4587,D,Strong effort
4588,A,
4589,B,
4590,B,Strong effort
4591,A,Improved this term
4592,C,Strong effort
4593,D,Improved this term
4594,A,
4595,A,
4596,D,Missing assignments
4597,B,Missing assignments
4598,C,
4599,A,
4600,C,
4601,B,
4602,B,Strong effort
4603,A,Improved this term
4604,A,Strong effort
4605,A,Improved this term
4606,C,Strong effort
4607,A,Missing assignments
4608,A,Improved this term
4609,B,Missing assignments
4610,C,Improved this term
4611,B,
4612,C,Missing assignments
4613,A,
4614,B,Missing assignments
4615,B,Improved this term
4616,A,
4617,C,
4618,B,Improved this term
4619,A,Missing assignments
4620,C,
4621,D,
4622,B,
4623,C,Strong effort
4624,C,Missing assignments
4625,B,
4626,F,
4627,C,Improved this term
4628,A,Improved this term
4629,B,
4630,C,
4631,C,
4632,D,
4633,A,Improved this term
4634,B,Improved this term
4635,C,Missing assignments
4636,D,
4637,A,Missing assignments
4638,A,Strong effort
4639,B,Strong effort
4640,C,Improved this term
4641,A,
4642,A,Improved this term
4643,B,
4644,D,Strong effort
4645,C,Strong effort
4646,C,Strong effort
4647,D,Improved this term
4648,A,Improved this term
4649,A,Improved this term
4650,C,Strong effort
4651,D,
4652,C,
4653,B,Missing assignments
4654,A,
4655,C,
4656,B,
4657,A,Strong effort
4658,B,
4659,C,
4660,B,
4661,C,
4662,C,Missing assignments
4663,A,Strong effort
4664,D,Improved this term
4665,A,Strong effort
4666,A,
4667,A,Strong effort
4668,F,Missing assignments
4669,B,Improved this term
4670,A,Strong effort
4671,B,
4672,F,
4673,B,
4674,A,
4675,B,Strong effort
4676,A,
4677,B,Strong effort
4678,B,
4679,A,
4680,D,Strong effort
4681,A,Missing assignments
4682,B,
4683,C,
4684,B,
4685,A,
4686,B,
4687,B,Missing assignments
4688,B,Strong effort
4689,C,Strong effort
4690,B,Improved this term
4691,D,Missing assignments
4692,B,Missing assignments
4693,C,
4694,F,Missing assignments
4695,A,Strong effort
4696,C,Missing assignments
4697,D,
4698,B,Missing assignments
4699,A,
4700,F,Improved this term
4701,A,Strong effort
4702,B,
4703,F,
4704,C,
4705,B,Missing assignments
4706,F,
4707,B,Missing assignments
4708,A,Improved this term
4709,D,Strong effort
4710,A,Missing assignments
4711,C,
4712,B,
4713,B,Improved this term
4714,A,
4715,C,
4716,B,
4717,A,
4718,B,
4719,A,Improved this term
4720,C,
4721,D,Improved this term
4722,B,Strong effort
4723,D,Improved this term
4724,A,
4725,C,
4726,B,Strong effort
4727,A,
4728,A,Strong effort
4729,C,Strong effort
4730,C,Strong effort
4731,A,Improved this term
4732,C,
4733,B,Strong effort
4734,B,Strong effort
4735,A,Improved this term
4736,C,Strong effort
4737,B,
4738,C,Improved this term
4739,C,Missing assignments
4740,A,
4741,B,Missing assignments
4742,C,
4743,C,Missing assignments
4744,A,Missing assignments
4745,D,Missing assignments
4746,C,
4747,F,
4748,B,Missing assignments
4749,A,Improved this term
4750,D,
4751,A,Missing assignments
4752,B,
4753,D,Strong effort
4754,C,Improved this term
4755,B,
4756,A,Improved this term
4757,D,
4758,C,Improved this term
4759,A,
4760,F,
4761,B,
4762,A,
4763,B,
4764,A,
4765,A,Missing assignments
4766,B,Improved this term
4767,C,
4768,B,
4769,C,
4770,C,Improved this term
4771,A,
4772,D,
4773,C,
4774,B,
4775,B,Improved this term
4776,B,
4777,B,Improved this term
4778,B,Missing assignments
4779,B,Improved this term
4780,A,
4781,A,Strong effort
4782,B,Missing assignments
4783,A,
4784,A,Missing assignments
4785,B,Improved this term
4786,B,
4787,B,
4788,C,Strong effort
4789,A,
4790,D,
4791,C,
4792,C,Improved this term
4793,B,Strong effort
4794,D,
4795,A,
4796,B,
4797,D,Strong effort
4798,C,
4799,D,
4800,F,Strong effort
4801,A,
4802,C,
4803,B,
4804,A,Improved this term
4805,B,Missing assignments
4806,A,Strong effort
4807,B,Strong effort
4808,B,
4809,A,
4810,F,Improved this term
4811,B,Missing assignments
4812,B,Improved this term
4813,A,
4814,C,
4815,A,Missing assignments
4816,F,Improved this term
4817,A,
4818,C,Improved this term
4819,B,
4820,B,
4821,A,Missing assignments
4822,B,Strong effort
4823,C,
4824,B,Missing assignments
4825,A,Improved this term
4826,A,
4827,D,Missing assignments
4828,A,
4829,D,Improved this term
4830,A,
4831,B,
4832,B,
4833,A,Improved this term
4834,C,Improved this term
4835,A,Missing assignments
4836,B,Missing assignments
4837,B,Improved this term
4838,A,Strong effort
4839,F,
4840,A,Improved this term
4841,D,Missing assignments
4842,B,
4843,B,
4844,A,
4845,A,Strong effort
4846,A,
4847,C,Strong effort
4848,D,
4849,B,
4850,A,Missing assignments
4851,C,Improved this term
4852,B,Strong effort
4853,C,Missing assignments
4854,A,
4855,C,
4856,A,Strong effort
4857,C,Improved this term
4858,B,Strong effort
4859,B,Missing assignments
4860,B,Improved this term
4861,B,
4862,B,Improved this term
4863,D,Strong effort
4864,C,Improved this term
4865,B,Strong effort
4866,A,Missing assignments
4867,A,
4868,A,Improved this term
4869,C,
4870,C,Missing assignments
4871,A,Missing assignments
4872,B,
4873,A,
4874,B,Improved this term
4875,B,
4876,A,
4877,A,Strong effort
4878,B,Strong effort
4879,A,Strong effort
4880,A,Missing assignments
4881,A,Missing assignments
4882,A,
4883,B,Strong effort
4884,D,
4885,A,Missing assignments
4886,D,
4887,A,Missing assignments
4888,C,
4889,B,
4890,A,Improved this term
4891,B,Strong effort
4892,B,Improved this term
4893,B,Missing assignments
4894,A,
4895,B,Improved this term
4896,B,Strong effort
4897,B,
4898,A,Strong effort
4899,A,Improved this term
4900,A,Improved this term
4901,C,
4902,A,Strong effort
4903,B,
4904,C,Strong effort
4905,B,
4906,B,Missing assignments
4907,B,Strong effort
4908,A,Improved this term
4909,C,
4910,A,Improved this term
4911,A,
4912,A,Strong effort
4913,B,Improved this term
4914,C,Strong effort
4915,A,Missing assignments
4916,A,Improved this term
4917,C,
4918,D,
4919,C,Missing assignments
4920,B,Improved this term
4921,B,Strong effort
4922,C,
4923,A,Missing assignments
4924,A,
4925,C,Missing assignments
4926,A,Improved this term
4927,C,Improved this term
4928,A,Strong effort
4929,D,Improved this term
4930,A,Strong effort
4931,A,
4932,F,Strong effort
4933,A,
4934,C,
4935,B,
4936,C,
4937,A,Improved this term
4938,A,Missing assignments
4939,D,
4940,C,Improved this term
4941,D,
4942,C,Improved this term
4943,A,
4944,B,Improved this term
4945,D,
4946,C,
4947,A,
4948,B,Improved this term
4949,B,Improved this term
4950,A,Strong effort
4951,A,Missing assignments
4952,F,
4953,B,
4954,A,
4955,B,Improved this term
4956,B,Missing assignments
4957,B,Missing assignments
4958,C,Improved this term
4959,B,Missing assignments
4960,C,
4961,A,Missing assignments
4962,A,Strong effort
4963,C,Improved this term
4964,A,
4965,B,Improved this term
4966,B,Missing assignments
4967,A,Strong effort
4968,B,Improved this term
4969,C,Missing assignments
4970,B,
4971,C,
4972,A,Missing assignments
4973,B,Strong effort
4974,C,
4975,A,Strong effort
4976,C,Missing assignments
4977,A,Strong effort
4978,C,Improved this term
4979,C,Strong effort
4980,F,Missing assignments
4981,B,Missing assignments
4982,B,
4983,B,Strong effort
4984,B,Strong effort
4985,C,
4986,B,
4987,A,Improved this term
4988,D,Missing assignments
4989,A,Improved this term
4990,C,Strong effort
4991,C,Missing assignments
4992,A,Missing assignments
4993,C,Improved this term
4994,C,
4995,B,
4996,A,
4997,A,
4998,A,
4999,D,
5000,C,Missing assignments
5001,B,
5002,A,
5003,B,Improved this term
5004,A,
5005,B,
5006,A,
5007,C,Improved this term
5008,B,
5009,B,Missing assignments
5010,C,
5011,A,
5012,D,
5013,A,Missing assignments
5014,B,
5015,B,Missing assignments
5016,D,Improved this term
5017,A,
5018,C,
5019,B,
5020,F,Improved this term
5021,B,
5022,B,
5023,A,
5024,B,Strong effort
5025,D,
5026,C,Improved this term
5027,A,
5028,C,Missing assignments
5029,C,Missing assignments
5030,C,
5031,B,Missing assignments
5032,B,
5033,B,Improved this term
5034,B,
5035,B,Improved this term
5036,A,
5037,C,
5038,B,Improved this term
5039,C,Improved this term
5040,A,
5041,B,Improved this term
5042,A,
5043,B,Improved this term
5044,A,Improved this term
5045,A,Missing assignments
5046,B,Improved this term
5047,B,Strong effort
5048,A,Missing assignments
5049,B,
5050,C,Missing assignments
5051,B,Missing assignments
5052,B,
5053,F,
5054,B,Strong effort
5055,C,
5056,B,Missing assignments
5057,B,
5058,B,Missing assignments
5059,B,
5060,D,
5061,C,Strong effort
5062,A,Missing assignments
5063,C,Missing assignments
5064,A,
5065,B,Strong effort
5066,C,Missing assignments
5067,B,
5068,D,Strong effort
5069,A,
5070,B,Improved this term
5071,A,Strong effort
5072,C,Missing assignments
5073,A,Missing assignments
5074,D,Strong effort
5075,A,
5076,B,Strong effort
5077,A,Improved this term
5078,A,Strong effort
5079,A,
5080,C,Missing assignments
5081,C,Improved this term
5082,F,
5083,A,Improved this term
5084,C,
5085,B,Strong effort
5086,D,
5087,C,
5088,B,Improved this term
5089,A,
5090,B,Strong effort
5091,F,Missing assignments
5092,B,
5093,B,Missing assignments
5094,B,Strong effort
5095,B,
5096,F,Strong effort
5097,C,
5098,B,Strong effort
5099,B,Missing assignments
5100,D,
5101,C,Missing assignments
5102,B,
5103,C,Missing assignments
5104,B,
5105,A,
5106,D,
5107,A,Missing assignments
5108,B,Missing assignments
5109,D,Strong effort
5110,A,
5111,D,
5112,B,Improved this term
5113,B,
5114,C,
5115,B,
5116,D,Improved this term
5117,A,Improved this term
5118,A,Missing assignments
5119,B,Strong effort
5120,B,Improved this term
5121,B,Improved this term
5122,B,
5123,C,
5124,B,Strong effort
5125,A,Missing assignments
5126,B,Improved this term
5127,C,
5128,A,Improved this term
5129,A,
5130,D,Improved this term
5131,A,
5132,A,Missing assignments
5133,C,
5134,B,Improved this term
5135,B,
5136,B,
5137,A,
5138,B,Strong effort
5139,B,Improved this term
5140,C,
5141,C,Strong effort
5142,C,
5143,B,Strong effort
5144,A,Improved this term
5145,C,Missing assignments
5146,A,Missing assignments
5147,B,Strong effort
5148,F,Strong effort
5149,C,Missing assignments
5150,B,
5151,A,
5152,D,Missing assignments
5153,B,Missing assignments
5154,B,Improved this term
5155,A,
5156,B,
5157,C,Missing assignments
5158,A,Missing assignments
5159,B,Strong effort
5160,B,Strong effort
5161,D,Improved this term
5162,B,Improved this term
5163,B,
5164,A,Missing assignments
5165,A,Missing assignments
5166,A,
5167,B,
5168,B,Strong effort
5169,D,Missing assignments
5170,D,Missing assignments
5171,B,Strong effort
5172,A,
5173,F,Missing assignments
5174,C,Improved this term
5175,D,Strong effort
5176,D,Improved this term
5177,B,Missing assignments
5178,D,
5179,A,Missing assignments
5180,B,Strong effort
5181,B,Strong effort
5182,B,
5183,B,Improved this term
5184,C,Strong effort
5185,C,Missing assignments
5186,D,
5187,B,Improved this term
5188,B,Improved this term
5189,B,
5190,A,
5191,A,Strong effort
5192,B,Strong effort
5193,B,Strong effort
5194,F,
5195,C,Improved this term
5196,C,
5197,B,
5198,A,Missing assignments
5199,B,Strong effort
5200,A,
5201,B,Strong effort
5202,C,Improved this term
5203,B,
5204,A,Improved this term
5205,C,Improved this term
5206,B,Missing assignments
5207,C,
5208,B,Missing assignments
5209,B,Strong effort
5210,B,Improved this term
5211,F,Strong effort
5212,A,Improved this term
5213,A,Missing assignments
5214,A,Strong effort
5215,B,Strong effort
5216,C,Strong effort
5217,D,Strong effort
5218,A,Strong effort
5219,B,Improved this term
5220,C,Strong effort
5221,B,Missing assignments
5222,C,
5223,C,Strong effort
5224,B,Improved this term
5225,B,
5226,A,
5227,B,
5228,C,Strong effort
5229,B,
5230,B,Improved this term
5231,A,
5232,C,Improved this term
5233,B,
5234,A,
5235,F,Strong effort
5236,B,Improved this term
5237,C,
5238,C,Improved this term
5239,B,Strong effort
5240,B,
5241,C,
5242,B,
5243,A,
5244,C,Missing assignments
5245,B,Improved this term
5246,B,Improved this term
5247,A,Missing assignments
5248,C,
5249,C,Strong effort
5250,C,
5251,B,
5252,A,Missing assignments
5253,B,Missing assignments
5254,A,Strong effort
5255,B,Improved this term
5256,C,
5257,C,
5258,D,
5259,A,Strong effort
5260,B,
5261,A,
5262,B,
5263,D,Improved this term
5264,D,
5265,A,Missing assignments
5266,B,Strong effort
5267,B,Missing assignments
5268,A,Improved this term
5269,B,
5270,A,
5271,A,Improved this term
5272,B,Improved this term
5273,F,
5274,D,Missing assignments
5275,D,Improved this term
5276,B,Improved this term
5277,A,
5278,D,Strong effort
5279,A,
5280,B,Improved this term
5281,B,Missing assignments
5282,A,Strong effort
5283,B,Improved this term
5284,C,Improved this term
5285,C,Improved this term
5286,B,Improved this term
5287,A,Strong effort
5288,A,Improved this term
5289,A,Improved this term
5290,C,
5291,C,
5292,A,Improved this term
5293,D,Strong effort
5294,A,
5295,B,
5296,D,
5297,B,Improved this term
5298,D,Missing assignments
5299,B,Improved this term
5300,A,
5301,A,
5302,F,Missing assignments
5303,A,
5304,A,Missing assignments
5305,B,Improved this term
5306,A,Strong effort
5307,C,Missing assignments
5308,C,Improved this term
5309,C,Missing assignments
5310,A,Strong effort
5311,B,Improved this term
5312,A,Strong effort
5313,B,Improved this term
5314,A,
5315,C,
5316,B,Improved this term
5317,A,Improved this term
5318,C,Improved this term
5319,B,
5320,B,
5321,A,Strong effort
5322,B,
5323,C,Improved this term
5324,B,Strong effort
5325,C,Missing assignments
5326,A,Strong effort
5327,D,Strong effort
5328,A,
5329,C,
5330,A,Improved this term
5331,A,Missing assignments
5332,D,Improved this term
5333,A,
5334,D,
5335,A,
5336,C,Improved this term
5337,A,Strong effort
5338,A,
5339,A,Strong effort
5340,D,Strong effort
5341,B,
5342,C,Missing assignments
5343,A,Improved this term
5344,B,Missing assignments
5345,B,Strong effort
5346,B,
5347,B,Improved this term
5348,A,
5349,D,
5350,A,Improved this term
5351,A,Missing assignments
5352,A,Strong effort
5353,F,Strong effort
5354,F,
5355,C,
5356,D,Improved this term
5357,B,
5358,B,Improved this term
5359,A,Missing assignments
5360,B,Strong effort
5361,A,Missing assignments
5362,C,Improved this term
5363,C,Missing assignments
5364,A,Missing assignments
5365,A,
5366,B,Improved this term
5367,B,Missing assignments
5368,C,
5369,A,
5370,D,Strong effort
5371,B,
5372,A,
5373,C,Missing assignments
5374,B,
5375,B,Missing assignments
5376,C,Missing assignments
5377,C,Improved this term
5378,B,
5379,B,
5380,B,Missing assignments
5381,F,Missing assignments
5382,B,
5383,B,
5384,A,Improved this term
5385,B,
5386,B,Missing assignments
5387,A,Improved this term
5388,A,Improved this term
5389,A,Missing assignments
5390,A,Improved this term
5391,A,Strong effort
5392,A,Missing assignments
5393,C,
5394,F,
5395,A,Strong effort
5396,A,Missing assignments
5397,A,Improved this term
5398,A,Improved this term
5399,C,Missing assignments
5400,A,Improved this term
5401,B,Missing assignments
5402,B,Improved this term
5403,A,
5404,C,Strong effort
5405,B,
5406,B,Improved this term
5407,C,
5408,C,Strong effort
5409,A,
5410,B,Strong effort
5411,A,
5412,B,Missing assignments
5413,D,
5414,A,Missing assignments
5415,B,Missing assignments
5416,B,
5417,C,Improved this term
5418,D,Improved this term
5419,B,Improved this term
5420,C,Missing assignments
5421,A,Strong effort
5422,C,
5423,B,Missing assignments
5424,B,Improved this term
5425,C,
5426,C,Strong effort
5427,C,
5428,B,
5429,C,
5430,F,Strong effort
5431,A,Strong effort
5432,C,Strong effort
5433,C,Missing assignments
5434,A,Strong effort
5435,C,Improved this term
5436,A,Improved this term
5437,A,Missing assignments
5438,B,
5439,B,
5440,B,Missing assignments
5441,A,
5442,D,
5443,C,
5444,C,Strong effort
5445,B,
5446,C,Strong effort
5447,C,Missing assignments
5448,B,
5449,A,
5450,A,Strong effort
5451,B,Missing assignments
5452,A,Missing assignments
5453,B,Missing assignments
5454,B,Missing assignments
5455,D,
5456,A,
5457,A,
5458,C,
5459,C,Improved this term
5460,A,Missing assignments
5461,B,Missing assignments
5462,C,Improved this term
5463,C,Missing assignments
5464,B,Improved this term
5465,A,Improved this term
5466,A,Missing assignments
5467,C,
5468,B,Missing assignments
5469,C,
5470,B,Improved this term
5471,B,Improved this term
5472,C,Missing assignments
5473,B,
5474,A,
5475,B,Missing assignments
5476,A,
5477,C,
5478,A,
5479,C,Missing assignments
5480,B,Strong effort
5481,D,Missing assignments
5482,C,Strong effort
5483,D,
5484,A,Improved this term
5485,C,
5486,C,Strong effort
5487,B,
5488,D,
5489,D,Strong effort
5490,B,Improved this term
5491,B,Strong effort
5492,C,
5493,B,
5494,B,Strong effort
5495,A,
5496,C,Improved this term
5497,B,Improved this term
5498,B,Strong effort
5499,B,
5500,B,Improved this term
5501,A,Strong effort
5502,A,Strong effort
5503,C,Improved this term
5504,B,Strong effort
5505,B,Missing assignments
5506,A,Improved this term
5507,B,
5508,B,Strong effort
5509,C,Missing assignments
5510,B,Strong effort
5511,F,
5512,A,Strong effort
5513,A,Strong effort
5514,A,Strong effort
5515,B,Improved this term
5516,B,Improved this term
5517,C,Missing assignments
5518,B,
5519,C,
5520,B,
5521,A,Missing assignments
5522,C,Missing assignments
5523,D,
5524,D,
5525,B,
5526,B,
5527,F,
5528,B,
5529,C,Strong effort
5530,C,Strong effort
5531,B,Improved this term
5532,B,
5533,F,
5534,A,
5535,B,
5536,D,Missing assignments
5537,A,
5538,B,
5539,B,Strong effort
5540,C,Improved this term
5541,C,Improved this term
5542,F,Improved this term
5543,C,Missing assignments
5544,C,
5545,A,
5546,F,Missing assignments
5547,A,
5548,B,Improved this term
5549,C,
5550,A,Improved this term
5551,A,Improved this term
5552,C,Strong effort
5553,C,Improved this term
5554,C,Strong effort
5555,B,
5556,D,Missing assignments
5557,C,Improved this term
5558,C,Missing assignments
5559,A,Improved this term
5560,A,Improved this term
5561,C,Missing assignments
5562,A,Strong effort
5563,B,Strong effort
5564,F,Improved this term
5565,B,Improved this term
5566,B,Improved this term
5567,B,Missing assignments
5568,A,Improved this term
5569,B,Missing assignments
5570,B,Improved this term
5571,A,
5572,C,
5573,C,
5574,D,Missing assignments
5575,C,Strong effort
5576,A,Improved this term
5577,D,
5578,C,
5579,B,Improved this term
5580,B,
5581,A,Strong effort
5582,D,Strong effort
5583,C,Improved this term
5584,A,Improved this term
5585,D,Missing assignments
5586,D,
5587,B,Strong effort
5588,B,Missing assignments
5589,A,Strong effort
5590,A,
5591,F,
5592,B,
5593,B,Strong effort
5594,A,Missing assignments
5595,A,Missing assignments
5596,C,
5597,A,Missing assignments
5598,A,Improved this term
5599,F,Improved this term
5600,B,Strong effort
5601,B,
5602,B,Missing assignments
5603,C,Improved this term
5604,B,Missing assignments
5605,B,
5606,B,Improved this term
5607,D,
5608,A,
5609,A,Missing assignments
5610,B,
5611,B,Strong effort
5612,A,Strong effort
5613,A,
5614,B,Missing assignments
5615,A,Missing assignments
5616,D,
5617,B,
5618,B,
5619,A,
5620,D,
5621,A,Improved this term
5622,D,Strong effort
5623,B,
5624,A,Improved this term
5625,B,Strong effort
5626,B,Missing assignments
5627,B,Missing assignments
5628,B,
5629,B,
5630,D,Strong effort
5631,C,Improved this term
5632,D,Strong effort
5633,B,
5634,C,Missing assignments
5635,A,
5636,F,Strong effort
5637,A,Improved this term
5638,A,Improved this term
5639,B,Strong effort
5640,B,
5641,D,Strong effort
5642,B,Strong effort
5643,A,Improved this term
5644,A,Missing assignments
5645,A,Improved this term
5646,B,Missing assignments
5647,A,
5648,C,Improved this term
5649,C,Missing assignments
5650,B,Improved this term
5651,A,Improved this term
5652,C,Missing assignments
5653,D,Improved this term
5654,C,Missing assignments
5655,C,
5656,A,
5657,F,
5658,B,Improved this term
5659,C,Missing assignments
5660,B,Missing assignments
5661,B,
5662,A,
5663,B,
5664,A,Improved this term
5665,A,
5666,A,Improved this term
5667,B,Improved this term
5668,B,Strong effort
5669,A,
5670,B,
5671,D,Missing assignments
5672,B,Missing assignments
5673,B,Missing assignments
5674,C,Improved this term
5675,A,Strong effort
5676,C,Improved this term
5677,A,Missing assignments
5678,C,
5679,C,Missing assignments
5680,A,Improved this term
5681,A,
5682,B,
5683,A,Improved this term
5684,D,
5685,F,Missing assignments
5686,A,
5687,D,Improved this term
5688,A,Strong effort
5689,B,
5690,D,
5691,A,
5692,D,Improved this term
5693,A,Improved this term
5694,A,
5695,B,Improved this term
5696,B,Improved this term
5697,C,Missing assignments
5698,C,Missing assignments
5699,C,
5700,C,Strong effort
5701,B,Improved this term
5702,A,
5703,C,Missing assignments
5704,C,Improved this term
5705,A,
5706,B,
5707,B,Missing assignments
5708,A,Improved this term
5709,C,Missing assignments
5710,B,
5711,A,
5712,A,Strong effort
5713,C,Improved this term
5714,A,Missing assignments
5715,C,
5716,B,Improved this term
5717,C,Improved this term
5718,F,
5719,D,Missing assignments
5720,A,Strong effort
5721,B,
5722,B,
5723,B,Missing assignments
5724,B,Missing assignments
5725,D,Improved this term
5726,A,Strong effort
5727,A,Strong effort
5728,B,Missing assignments
5729,B,Missing assignments
5730,D,Improved this term
5731,A,
5732,A,
5733,D,
5734,B,Improved this term
5735,C,Missing assignments
5736,C,
5737,B,
5738,B,Improved this term
5739,A,
5740,B,Strong effort
5741,B,Improved this term
5742,B,
5743,A,Missing assignments
5744,F,Improved this term
5745,A,Missing assignments
5746,D,Improved this term
5747,C,
5748,B,
5749,B,
5750,C,Strong effort
5751,A,Missing assignments
5752,B,
5753,A,Strong effort
5754,B,
5755,A,
5756,B,Missing assignments
5757,B,Strong effort
5758,B,
5759,B,
5760,A,Strong effort
5761,D,Missing assignments
5762,B,
5763,A,
5764,D,Strong effort
5765,B,
5766,A,
5767,C,Strong effort
5768,D,
5769,A,Strong effort
5770,F,
5771,A,
5772,A,Improved this term
5773,C,
5774,D,
5775,B,Strong effort
5776,A,
5777,A,
5778,B,Strong effort
5779,C,Improved this term
5780,B,
5781,B,Missing assignments
5782,C,Strong effort
5783,A,
5784,A,Strong effort
5785,A,
5786,B,
5787,A,Missing assignments
5788,B,Missing assignments
5789,A,
5790,C,Strong effort
5791,C,Strong effort
5792,B,Improved this term
5793,C,Missing assignments
5794,C,Missing assignments
5795,A,Improved this term
5796,A,Improved this term
5797,B,
5798,B,
5799,A,Strong effort
5800,C,Missing assignments
5801,C,Strong effort
5802,B,Strong effort
5803,B,Improved this term
5804,D,Improved this term
5805,B,
5806,A,
5807,C,
5808,A,Improved this term
5809,A,
5810,B,
5811,A,Strong effort
5812,F,Missing assignments
5813,B,
5814,B,Missing assignments
5815,C,Strong effort
5816,C,Strong effort
5817,C,Improved this term
5818,A,Improved this term
5819,A,Strong effort
5820,B,Improved this term
5821,B,Missing assignments
5822,B,Strong effort
5823,B,Missing assignments
5824,C,
5825,C,Strong effort
5826,B,
5827,A,
5828,C,Strong effort
5829,A,
5830,C,Improved this term
5831,C,Strong effort
5832,B,Strong effort
5833,A,Missing assignments
5834,A,Missing assignments
5835,C,
5836,A,
5837,A,Improved this term
5838,B,Strong effort
5839,D,Improved this term
5840,A,
5841,B,Strong effort
5842,D,Improved this term
5843,B,
5844,B,Missing assignments
5845,C,
5846,B,Improved this term
5847,B,
5848,C,
5849,C,Improved this term
5850,C,Improved this term
5851,B,
5852,B,Improved this term
5853,A,
5854,C,Strong effort
5855,B,
5856,C,
5857,C,Improved this term
5858,B,Missing assignments
5859,B,
5860,B,Missing assignments
5861,B,Strong effort
5862,A,Strong effort
5863,D,Improved this term
5864,A,Improved this term
5865,C,Missing assignments
5866,C,Improved this term
5867,B,Missing assignments
5868,C,Strong effort
5869,C,
5870,B,Missing assignments
5871,B,Improved this term
5872,B,
5873,C,Improved this term
5874,A,Missing assignments
5875,D,Strong effort
5876,A,Strong effort
5877,C,Strong effort
5878,B,Missing assignments
5879,C,
5880,A,
5881,D,Missing assignments
5882,D,Missing assignments
5883,C,
5884,D,Improved this term
5885,A,Missing assignments
5886,A,
5887,B,Improved this term
5888,A,Strong effort
5889,A,
5890,F,Missing assignments
5891,C,Improved this term
5892,C,
5893,B,Missing assignments
5894,B,Missing assignments
5895,A,
5896,B,Missing assignments
5897,C,
5898,A,
5899,C,
5900,C,Strong effort
5901,B,Missing assignments
5902,B,
5903,B,
5904,A,Missing assignments
5905,F,
5906,C,Missing assignments
5907,B,Strong effort
5908,A,
5909,D,Improved this term
5910,D,
5911,F,Strong effort
5912,A,Missing assignments
5913,D,Missing assignments
5914,A,
5915,A,
5916,B,
5917,A,Improved this term
5918,D,
5919,A,Improved this term
5920,B,
5921,C,
5922,A,Missing assignments
5923,B,
5924,A,Strong effort
5925,A,Strong effort
5926,B,Strong effort
5927,B,
5928,C,
5929,A,
5930,A,Strong effort
5931,F,Improved this term
5932,B,Strong effort
5933,B,
5934,B,
5935,B,
5936,B,
5937,D,
5938,A,Strong effort
5939,A,Strong effort
5940,B,Missing assignments
5941,C,
5942,D,Missing assignments
5943,B,
5944,A,Strong effort
5945,B,Missing assignments
5946,D,Strong effort
5947,B,Strong effort
5948,C,
5949,B,Missing assignments
5950,B,
5951,A,Missing assignments
5952,B,Strong effort
5953,D,Improved this term
5954,C,Missing assignments
5955,A,
5956,C,Improved this term
5957,A,Missing assignments
5958,B,Improved this term
5959,A,
5960,A,Missing assignments
5961,B,Improved this term
5962,A,
5963,B,
5964,C,Missing assignments
5965,D,
5966,A,Improved this term
5967,B,Improved this term
5968,B,Strong effort
5969,B,Strong effort
5970,A,Strong effort
5971,C,
5972,D,
5973,B,Improved this term
5974,C,
5975,B,Strong effort
5976,B,Strong effort
5977,A,
5978,A,
5979,B,Strong effort
5980,A,
5981,C,
5982,A,
5983,D,Improved this term
5984,B,
5985,C,Missing assignments
5986,B,
5987,D,
5988,B,Strong effort
5989,B,
5990,F,
5991,C,
5992,A,Strong effort
5993,B,Strong effort
5994,B,Missing assignments
5995,A,
5996,B,Strong effort
5997,B,Improved this term
5998,D,
5999,D,
6000,B,Strong effort
